29,https://biblio.ub.uni-freiburg.de/sf/#pmb29
30,https://biblio.ub.uni-freiburg.de/sf/#pmb30
50,https://biblio.ub.uni-freiburg.de/sf/#pmb50
127,https://biblio.ub.uni-freiburg.de/sf/#pmb127
129,https://biblio.ub.uni-freiburg.de/sf/#pmb129
145,https://biblio.ub.uni-freiburg.de/sf/#pmb145
146,https://biblio.ub.uni-freiburg.de/sf/#pmb146
151,https://biblio.ub.uni-freiburg.de/sf/#pmb151
166,https://biblio.ub.uni-freiburg.de/sf/#pmb166
168,https://biblio.ub.uni-freiburg.de/sf/#pmb168
182,https://biblio.ub.uni-freiburg.de/sf/#pmb182
189,https://biblio.ub.uni-freiburg.de/sf/#pmb189
197,https://biblio.ub.uni-freiburg.de/sf/#pmb197
210,https://biblio.ub.uni-freiburg.de/sf/#pmb210
213,https://biblio.ub.uni-freiburg.de/sf/#pmb213
224,https://biblio.ub.uni-freiburg.de/sf/#pmb224
228,https://biblio.ub.uni-freiburg.de/sf/#pmb228
245,https://biblio.ub.uni-freiburg.de/sf/#pmb245
249,https://biblio.ub.uni-freiburg.de/sf/#pmb249
254,https://biblio.ub.uni-freiburg.de/sf/#pmb254
263,https://biblio.ub.uni-freiburg.de/sf/#pmb263
272,https://biblio.ub.uni-freiburg.de/sf/#pmb272
313,https://biblio.ub.uni-freiburg.de/sf/#pmb313
318,https://biblio.ub.uni-freiburg.de/sf/#pmb318
319,https://biblio.ub.uni-freiburg.de/sf/#pmb319
348,https://biblio.ub.uni-freiburg.de/sf/#pmb348
374,https://biblio.ub.uni-freiburg.de/sf/#pmb374
378,https://biblio.ub.uni-freiburg.de/sf/#pmb378
386,https://biblio.ub.uni-freiburg.de/sf/#pmb386
388,https://biblio.ub.uni-freiburg.de/sf/#pmb388
420,https://biblio.ub.uni-freiburg.de/sf/#pmb420
423,https://biblio.ub.uni-freiburg.de/sf/#pmb423
429,https://biblio.ub.uni-freiburg.de/sf/#pmb429
433,https://biblio.ub.uni-freiburg.de/sf/#pmb433
445,https://biblio.ub.uni-freiburg.de/sf/#pmb445
462,https://biblio.ub.uni-freiburg.de/sf/#pmb462
470,https://biblio.ub.uni-freiburg.de/sf/#pmb470
483,https://biblio.ub.uni-freiburg.de/sf/#pmb483
484,https://biblio.ub.uni-freiburg.de/sf/#pmb484
505,https://biblio.ub.uni-freiburg.de/sf/#pmb505
506,https://biblio.ub.uni-freiburg.de/sf/#pmb506
521,https://biblio.ub.uni-freiburg.de/sf/#pmb521
553,https://biblio.ub.uni-freiburg.de/sf/#pmb553
562,https://biblio.ub.uni-freiburg.de/sf/#pmb562
573,https://biblio.ub.uni-freiburg.de/sf/#pmb573
577,https://biblio.ub.uni-freiburg.de/sf/#pmb577
595,https://biblio.ub.uni-freiburg.de/sf/#pmb595
629,https://biblio.ub.uni-freiburg.de/sf/#pmb629
631,https://biblio.ub.uni-freiburg.de/sf/#pmb631
644,https://biblio.ub.uni-freiburg.de/sf/#pmb644
652,https://biblio.ub.uni-freiburg.de/sf/#pmb652
666,https://biblio.ub.uni-freiburg.de/sf/#pmb666
677,https://biblio.ub.uni-freiburg.de/sf/#pmb677
682,https://biblio.ub.uni-freiburg.de/sf/#pmb682
687,https://biblio.ub.uni-freiburg.de/sf/#pmb687
710,https://biblio.ub.uni-freiburg.de/sf/#pmb710
726,https://biblio.ub.uni-freiburg.de/sf/#pmb726
737,https://biblio.ub.uni-freiburg.de/sf/#pmb737
745,https://biblio.ub.uni-freiburg.de/sf/#pmb745
758,https://biblio.ub.uni-freiburg.de/sf/#pmb758
772,https://biblio.ub.uni-freiburg.de/sf/#pmb772
808,https://biblio.ub.uni-freiburg.de/sf/#pmb808
833,https://biblio.ub.uni-freiburg.de/sf/#pmb833
834,https://biblio.ub.uni-freiburg.de/sf/#pmb834
842,https://biblio.ub.uni-freiburg.de/sf/#pmb842
852,https://biblio.ub.uni-freiburg.de/sf/#pmb852
854,https://biblio.ub.uni-freiburg.de/sf/#pmb854
860,https://biblio.ub.uni-freiburg.de/sf/#pmb860
862,https://biblio.ub.uni-freiburg.de/sf/#pmb862
863,https://biblio.ub.uni-freiburg.de/sf/#pmb863
864,https://biblio.ub.uni-freiburg.de/sf/#pmb864
866,https://biblio.ub.uni-freiburg.de/sf/#pmb866
869,https://biblio.ub.uni-freiburg.de/sf/#pmb869
870,https://biblio.ub.uni-freiburg.de/sf/#pmb870
871,https://biblio.ub.uni-freiburg.de/sf/#pmb871
872,https://biblio.ub.uni-freiburg.de/sf/#pmb872
873,https://biblio.ub.uni-freiburg.de/sf/#pmb873
875,https://biblio.ub.uni-freiburg.de/sf/#pmb875
877,https://biblio.ub.uni-freiburg.de/sf/#pmb877
880,https://biblio.ub.uni-freiburg.de/sf/#pmb880
881,https://biblio.ub.uni-freiburg.de/sf/#pmb881
882,https://biblio.ub.uni-freiburg.de/sf/#pmb882
883,https://biblio.ub.uni-freiburg.de/sf/#pmb883
884,https://biblio.ub.uni-freiburg.de/sf/#pmb884
886,https://biblio.ub.uni-freiburg.de/sf/#pmb886
888,https://biblio.ub.uni-freiburg.de/sf/#pmb888
889,https://biblio.ub.uni-freiburg.de/sf/#pmb889
890,https://biblio.ub.uni-freiburg.de/sf/#pmb890
891,https://biblio.ub.uni-freiburg.de/sf/#pmb891
892,https://biblio.ub.uni-freiburg.de/sf/#pmb892
893,https://biblio.ub.uni-freiburg.de/sf/#pmb893
896,https://biblio.ub.uni-freiburg.de/sf/#pmb896
903,https://biblio.ub.uni-freiburg.de/sf/#pmb903
907,https://biblio.ub.uni-freiburg.de/sf/#pmb907
910,https://biblio.ub.uni-freiburg.de/sf/#pmb910
913,https://biblio.ub.uni-freiburg.de/sf/#pmb913
914,https://biblio.ub.uni-freiburg.de/sf/#pmb914
915,https://biblio.ub.uni-freiburg.de/sf/#pmb915
917,https://biblio.ub.uni-freiburg.de/sf/#pmb917
955,https://biblio.ub.uni-freiburg.de/sf/#pmb955
966,https://biblio.ub.uni-freiburg.de/sf/#pmb966
967,https://biblio.ub.uni-freiburg.de/sf/#pmb967
969,https://biblio.ub.uni-freiburg.de/sf/#pmb969
986,https://biblio.ub.uni-freiburg.de/sf/#pmb986
993,https://biblio.ub.uni-freiburg.de/sf/#pmb993
994,https://biblio.ub.uni-freiburg.de/sf/#pmb994
995,https://biblio.ub.uni-freiburg.de/sf/#pmb995
1061,https://biblio.ub.uni-freiburg.de/sf/#pmb1061
1119,https://biblio.ub.uni-freiburg.de/sf/#pmb1119
1181,https://biblio.ub.uni-freiburg.de/sf/#pmb1181
1223,https://biblio.ub.uni-freiburg.de/sf/#pmb1223
2121,https://biblio.ub.uni-freiburg.de/sf/#pmb2121
2135,https://biblio.ub.uni-freiburg.de/sf/#pmb2135
2142,https://biblio.ub.uni-freiburg.de/sf/#pmb2142
2147,https://biblio.ub.uni-freiburg.de/sf/#pmb2147
2150,https://biblio.ub.uni-freiburg.de/sf/#pmb2150
2157,https://biblio.ub.uni-freiburg.de/sf/#pmb2157
2167,https://biblio.ub.uni-freiburg.de/sf/#pmb2167
2173,https://biblio.ub.uni-freiburg.de/sf/#pmb2173
2199,https://biblio.ub.uni-freiburg.de/sf/#pmb2199
2226,https://biblio.ub.uni-freiburg.de/sf/#pmb2226
2229,https://biblio.ub.uni-freiburg.de/sf/#pmb2229
2238,https://biblio.ub.uni-freiburg.de/sf/#pmb2238
2242,https://biblio.ub.uni-freiburg.de/sf/#pmb2242
2249,https://biblio.ub.uni-freiburg.de/sf/#pmb2249
2276,https://biblio.ub.uni-freiburg.de/sf/#pmb2276
2292,https://biblio.ub.uni-freiburg.de/sf/#pmb2292
2299,https://biblio.ub.uni-freiburg.de/sf/#pmb2299
2312,https://biblio.ub.uni-freiburg.de/sf/#pmb2312
2315,https://biblio.ub.uni-freiburg.de/sf/#pmb2315
2318,https://biblio.ub.uni-freiburg.de/sf/#pmb2318
2323,https://biblio.ub.uni-freiburg.de/sf/#pmb2323
2327,https://biblio.ub.uni-freiburg.de/sf/#pmb2327
2334,https://biblio.ub.uni-freiburg.de/sf/#pmb2334
2357,https://biblio.ub.uni-freiburg.de/sf/#pmb2357
2381,https://biblio.ub.uni-freiburg.de/sf/#pmb2381
2404,https://biblio.ub.uni-freiburg.de/sf/#pmb2404
2412,https://biblio.ub.uni-freiburg.de/sf/#pmb2412
2456,https://biblio.ub.uni-freiburg.de/sf/#pmb2456
2527,https://biblio.ub.uni-freiburg.de/sf/#pmb2527
2556,https://biblio.ub.uni-freiburg.de/sf/#pmb2556
2566,https://biblio.ub.uni-freiburg.de/sf/#pmb2566
2570,https://biblio.ub.uni-freiburg.de/sf/#pmb2570
2595,https://biblio.ub.uni-freiburg.de/sf/#pmb2595
2657,https://biblio.ub.uni-freiburg.de/sf/#pmb2657
2677,https://biblio.ub.uni-freiburg.de/sf/#pmb2677
2725,https://biblio.ub.uni-freiburg.de/sf/#pmb2725
2774,https://biblio.ub.uni-freiburg.de/sf/#pmb2774
2780,https://biblio.ub.uni-freiburg.de/sf/#pmb2780
2823,https://biblio.ub.uni-freiburg.de/sf/#pmb2823
2871,https://biblio.ub.uni-freiburg.de/sf/#pmb2871
2874,https://biblio.ub.uni-freiburg.de/sf/#pmb2874
2910,https://biblio.ub.uni-freiburg.de/sf/#pmb2910
2914,https://biblio.ub.uni-freiburg.de/sf/#pmb2914
2959,https://biblio.ub.uni-freiburg.de/sf/#pmb2959
2989,https://biblio.ub.uni-freiburg.de/sf/#pmb2989
2992,https://biblio.ub.uni-freiburg.de/sf/#pmb2992
3025,https://biblio.ub.uni-freiburg.de/sf/#pmb3025
3105,https://biblio.ub.uni-freiburg.de/sf/#pmb3105
3183,https://biblio.ub.uni-freiburg.de/sf/#pmb3183
3186,https://biblio.ub.uni-freiburg.de/sf/#pmb3186
3201,https://biblio.ub.uni-freiburg.de/sf/#pmb3201
3213,https://biblio.ub.uni-freiburg.de/sf/#pmb3213
3239,https://biblio.ub.uni-freiburg.de/sf/#pmb3239
3256,https://biblio.ub.uni-freiburg.de/sf/#pmb3256
3283,https://biblio.ub.uni-freiburg.de/sf/#pmb3283
3365,https://biblio.ub.uni-freiburg.de/sf/#pmb3365
3379,https://biblio.ub.uni-freiburg.de/sf/#pmb3379
3593,https://biblio.ub.uni-freiburg.de/sf/#pmb3593
3739,https://biblio.ub.uni-freiburg.de/sf/#pmb3739
3876,https://biblio.ub.uni-freiburg.de/sf/#pmb3876
3885,https://biblio.ub.uni-freiburg.de/sf/#pmb3885
3960,https://biblio.ub.uni-freiburg.de/sf/#pmb3960
3966,https://biblio.ub.uni-freiburg.de/sf/#pmb3966
4040,https://biblio.ub.uni-freiburg.de/sf/#pmb4040
4057,https://biblio.ub.uni-freiburg.de/sf/#pmb4057
4076,https://biblio.ub.uni-freiburg.de/sf/#pmb4076
4087,https://biblio.ub.uni-freiburg.de/sf/#pmb4087
4374,https://biblio.ub.uni-freiburg.de/sf/#pmb4374
4401,https://biblio.ub.uni-freiburg.de/sf/#pmb4401
4412,https://biblio.ub.uni-freiburg.de/sf/#pmb4412
4423,https://biblio.ub.uni-freiburg.de/sf/#pmb4423
4441,https://biblio.ub.uni-freiburg.de/sf/#pmb4441
4445,https://biblio.ub.uni-freiburg.de/sf/#pmb4445
4455,https://biblio.ub.uni-freiburg.de/sf/#pmb4455
4528,https://biblio.ub.uni-freiburg.de/sf/#pmb4528
4532,https://biblio.ub.uni-freiburg.de/sf/#pmb4532
4557,https://biblio.ub.uni-freiburg.de/sf/#pmb4557
4621,https://biblio.ub.uni-freiburg.de/sf/#pmb4621
4785,https://biblio.ub.uni-freiburg.de/sf/#pmb4785
4829,https://biblio.ub.uni-freiburg.de/sf/#pmb4829
4858,https://biblio.ub.uni-freiburg.de/sf/#pmb4858
5031,https://biblio.ub.uni-freiburg.de/sf/#pmb5031
5042,https://biblio.ub.uni-freiburg.de/sf/#pmb5042
5045,https://biblio.ub.uni-freiburg.de/sf/#pmb5045
5156,https://biblio.ub.uni-freiburg.de/sf/#pmb5156
5160,https://biblio.ub.uni-freiburg.de/sf/#pmb5160
5217,https://biblio.ub.uni-freiburg.de/sf/#pmb5217
5297,https://biblio.ub.uni-freiburg.de/sf/#pmb5297
5369,https://biblio.ub.uni-freiburg.de/sf/#pmb5369
5384,https://biblio.ub.uni-freiburg.de/sf/#pmb5384
5571,https://biblio.ub.uni-freiburg.de/sf/#pmb5571
5598,https://biblio.ub.uni-freiburg.de/sf/#pmb5598
5601,https://biblio.ub.uni-freiburg.de/sf/#pmb5601
5666,https://biblio.ub.uni-freiburg.de/sf/#pmb5666
5998,https://biblio.ub.uni-freiburg.de/sf/#pmb5998
6031,https://biblio.ub.uni-freiburg.de/sf/#pmb6031
6164,https://biblio.ub.uni-freiburg.de/sf/#pmb6164
6169,https://biblio.ub.uni-freiburg.de/sf/#pmb6169
6274,https://biblio.ub.uni-freiburg.de/sf/#pmb6274
6280,https://biblio.ub.uni-freiburg.de/sf/#pmb6280
6369,https://biblio.ub.uni-freiburg.de/sf/#pmb6369
6546,https://biblio.ub.uni-freiburg.de/sf/#pmb6546
6588,https://biblio.ub.uni-freiburg.de/sf/#pmb6588
6638,https://biblio.ub.uni-freiburg.de/sf/#pmb6638
6644,https://biblio.ub.uni-freiburg.de/sf/#pmb6644
6648,https://biblio.ub.uni-freiburg.de/sf/#pmb6648
6651,https://biblio.ub.uni-freiburg.de/sf/#pmb6651
6715,https://biblio.ub.uni-freiburg.de/sf/#pmb6715
6879,https://biblio.ub.uni-freiburg.de/sf/#pmb6879
6902,https://biblio.ub.uni-freiburg.de/sf/#pmb6902
6931,https://biblio.ub.uni-freiburg.de/sf/#pmb6931
6960,https://biblio.ub.uni-freiburg.de/sf/#pmb6960
6997,https://biblio.ub.uni-freiburg.de/sf/#pmb6997
7000,https://biblio.ub.uni-freiburg.de/sf/#pmb7000
7072,https://biblio.ub.uni-freiburg.de/sf/#pmb7072
7123,https://biblio.ub.uni-freiburg.de/sf/#pmb7123
7141,https://biblio.ub.uni-freiburg.de/sf/#pmb7141
7196,https://biblio.ub.uni-freiburg.de/sf/#pmb7196
7269,https://biblio.ub.uni-freiburg.de/sf/#pmb7269
7363,https://biblio.ub.uni-freiburg.de/sf/#pmb7363
7456,https://biblio.ub.uni-freiburg.de/sf/#pmb7456
7460,https://biblio.ub.uni-freiburg.de/sf/#pmb7460
7528,https://biblio.ub.uni-freiburg.de/sf/#pmb7528
7610,https://biblio.ub.uni-freiburg.de/sf/#pmb7610
7630,https://biblio.ub.uni-freiburg.de/sf/#pmb7630
7700,https://biblio.ub.uni-freiburg.de/sf/#pmb7700
7713,https://biblio.ub.uni-freiburg.de/sf/#pmb7713
7740,https://biblio.ub.uni-freiburg.de/sf/#pmb7740
7777,https://biblio.ub.uni-freiburg.de/sf/#pmb7777
7823,https://biblio.ub.uni-freiburg.de/sf/#pmb7823
7914,https://biblio.ub.uni-freiburg.de/sf/#pmb7914
7994,https://biblio.ub.uni-freiburg.de/sf/#pmb7994
8001,https://biblio.ub.uni-freiburg.de/sf/#pmb8001
8076,https://biblio.ub.uni-freiburg.de/sf/#pmb8076
8112,https://biblio.ub.uni-freiburg.de/sf/#pmb8112
8175,https://biblio.ub.uni-freiburg.de/sf/#pmb8175
8201,https://biblio.ub.uni-freiburg.de/sf/#pmb8201
8214,https://biblio.ub.uni-freiburg.de/sf/#pmb8214
8288,https://biblio.ub.uni-freiburg.de/sf/#pmb8288
8316,https://biblio.ub.uni-freiburg.de/sf/#pmb8316
8360,https://biblio.ub.uni-freiburg.de/sf/#pmb8360
8386,https://biblio.ub.uni-freiburg.de/sf/#pmb8386
8396,https://biblio.ub.uni-freiburg.de/sf/#pmb8396
8612,https://biblio.ub.uni-freiburg.de/sf/#pmb8612
8654,https://biblio.ub.uni-freiburg.de/sf/#pmb8654
8722,https://biblio.ub.uni-freiburg.de/sf/#pmb8722
8729,https://biblio.ub.uni-freiburg.de/sf/#pmb8729
8885,https://biblio.ub.uni-freiburg.de/sf/#pmb8885
8889,https://biblio.ub.uni-freiburg.de/sf/#pmb8889
9027,https://biblio.ub.uni-freiburg.de/sf/#pmb9027
9041,https://biblio.ub.uni-freiburg.de/sf/#pmb9041
9146,https://biblio.ub.uni-freiburg.de/sf/#pmb9146
9158,https://biblio.ub.uni-freiburg.de/sf/#pmb9158
9181,https://biblio.ub.uni-freiburg.de/sf/#pmb9181
9190,https://biblio.ub.uni-freiburg.de/sf/#pmb9190
9434,https://biblio.ub.uni-freiburg.de/sf/#pmb9434
9539,https://biblio.ub.uni-freiburg.de/sf/#pmb9539
9546,https://biblio.ub.uni-freiburg.de/sf/#pmb9546
9598,https://biblio.ub.uni-freiburg.de/sf/#pmb9598
9632,https://biblio.ub.uni-freiburg.de/sf/#pmb9632
9667,https://biblio.ub.uni-freiburg.de/sf/#pmb9667
9756,https://biblio.ub.uni-freiburg.de/sf/#pmb9756
9825,https://biblio.ub.uni-freiburg.de/sf/#pmb9825
9862,https://biblio.ub.uni-freiburg.de/sf/#pmb9862
9881,https://biblio.ub.uni-freiburg.de/sf/#pmb9881
9931,https://biblio.ub.uni-freiburg.de/sf/#pmb9931
9935,https://biblio.ub.uni-freiburg.de/sf/#pmb9935
9999,https://biblio.ub.uni-freiburg.de/sf/#pmb9999
10039,https://biblio.ub.uni-freiburg.de/sf/#pmb10039
10096,https://biblio.ub.uni-freiburg.de/sf/#pmb10096
10114,https://biblio.ub.uni-freiburg.de/sf/#pmb10114
10172,https://biblio.ub.uni-freiburg.de/sf/#pmb10172
10250,https://biblio.ub.uni-freiburg.de/sf/#pmb10250
10574,https://biblio.ub.uni-freiburg.de/sf/#pmb10574
10595,https://biblio.ub.uni-freiburg.de/sf/#pmb10595
10656,https://biblio.ub.uni-freiburg.de/sf/#pmb10656
10663,https://biblio.ub.uni-freiburg.de/sf/#pmb10663
10729,https://biblio.ub.uni-freiburg.de/sf/#pmb10729
10733,https://biblio.ub.uni-freiburg.de/sf/#pmb10733
10788,https://biblio.ub.uni-freiburg.de/sf/#pmb10788
10795,https://biblio.ub.uni-freiburg.de/sf/#pmb10795
10799,https://biblio.ub.uni-freiburg.de/sf/#pmb10799
10809,https://biblio.ub.uni-freiburg.de/sf/#pmb10809
10815,https://biblio.ub.uni-freiburg.de/sf/#pmb10815
10828,https://biblio.ub.uni-freiburg.de/sf/#pmb10828
10833,https://biblio.ub.uni-freiburg.de/sf/#pmb10833
10836,https://biblio.ub.uni-freiburg.de/sf/#pmb10836
10840,https://biblio.ub.uni-freiburg.de/sf/#pmb10840
10844,https://biblio.ub.uni-freiburg.de/sf/#pmb10844
10863,https://biblio.ub.uni-freiburg.de/sf/#pmb10863
10872,https://biblio.ub.uni-freiburg.de/sf/#pmb10872
10875,https://biblio.ub.uni-freiburg.de/sf/#pmb10875
10883,https://biblio.ub.uni-freiburg.de/sf/#pmb10883
10886,https://biblio.ub.uni-freiburg.de/sf/#pmb10886
10889,https://biblio.ub.uni-freiburg.de/sf/#pmb10889
10893,https://biblio.ub.uni-freiburg.de/sf/#pmb10893
10896,https://biblio.ub.uni-freiburg.de/sf/#pmb10896
10928,https://biblio.ub.uni-freiburg.de/sf/#pmb10928
10955,https://biblio.ub.uni-freiburg.de/sf/#pmb10955
10986,https://biblio.ub.uni-freiburg.de/sf/#pmb10986
10992,https://biblio.ub.uni-freiburg.de/sf/#pmb10992
10998,https://biblio.ub.uni-freiburg.de/sf/#pmb10998
11036,https://biblio.ub.uni-freiburg.de/sf/#pmb11036
11061,https://biblio.ub.uni-freiburg.de/sf/#pmb11061
11090,https://biblio.ub.uni-freiburg.de/sf/#pmb11090
11093,https://biblio.ub.uni-freiburg.de/sf/#pmb11093
11127,https://biblio.ub.uni-freiburg.de/sf/#pmb11127
11148,https://biblio.ub.uni-freiburg.de/sf/#pmb11148
11161,https://biblio.ub.uni-freiburg.de/sf/#pmb11161
11165,https://biblio.ub.uni-freiburg.de/sf/#pmb11165
11187,https://biblio.ub.uni-freiburg.de/sf/#pmb11187
11195,https://biblio.ub.uni-freiburg.de/sf/#pmb11195
11198,https://biblio.ub.uni-freiburg.de/sf/#pmb11198
11205,https://biblio.ub.uni-freiburg.de/sf/#pmb11205
11212,https://biblio.ub.uni-freiburg.de/sf/#pmb11212
11216,https://biblio.ub.uni-freiburg.de/sf/#pmb11216
11224,https://biblio.ub.uni-freiburg.de/sf/#pmb11224
11227,https://biblio.ub.uni-freiburg.de/sf/#pmb11227
11233,https://biblio.ub.uni-freiburg.de/sf/#pmb11233
11250,https://biblio.ub.uni-freiburg.de/sf/#pmb11250
11265,https://biblio.ub.uni-freiburg.de/sf/#pmb11265
11273,https://biblio.ub.uni-freiburg.de/sf/#pmb11273
11281,https://biblio.ub.uni-freiburg.de/sf/#pmb11281
11319,https://biblio.ub.uni-freiburg.de/sf/#pmb11319
11324,https://biblio.ub.uni-freiburg.de/sf/#pmb11324
11334,https://biblio.ub.uni-freiburg.de/sf/#pmb11334
11352,https://biblio.ub.uni-freiburg.de/sf/#pmb11352
11370,https://biblio.ub.uni-freiburg.de/sf/#pmb11370
11374,https://biblio.ub.uni-freiburg.de/sf/#pmb11374
11391,https://biblio.ub.uni-freiburg.de/sf/#pmb11391
11398,https://biblio.ub.uni-freiburg.de/sf/#pmb11398
11423,https://biblio.ub.uni-freiburg.de/sf/#pmb11423
11447,https://biblio.ub.uni-freiburg.de/sf/#pmb11447
11454,https://biblio.ub.uni-freiburg.de/sf/#pmb11454
11469,https://biblio.ub.uni-freiburg.de/sf/#pmb11469
11472,https://biblio.ub.uni-freiburg.de/sf/#pmb11472
11485,https://biblio.ub.uni-freiburg.de/sf/#pmb11485
11515,https://biblio.ub.uni-freiburg.de/sf/#pmb11515
11527,https://biblio.ub.uni-freiburg.de/sf/#pmb11527
11561,https://biblio.ub.uni-freiburg.de/sf/#pmb11561
11575,https://biblio.ub.uni-freiburg.de/sf/#pmb11575
11590,https://biblio.ub.uni-freiburg.de/sf/#pmb11590
11593,https://biblio.ub.uni-freiburg.de/sf/#pmb11593
11605,https://biblio.ub.uni-freiburg.de/sf/#pmb11605
11617,https://biblio.ub.uni-freiburg.de/sf/#pmb11617
11632,https://biblio.ub.uni-freiburg.de/sf/#pmb11632
11643,https://biblio.ub.uni-freiburg.de/sf/#pmb11643
11646,https://biblio.ub.uni-freiburg.de/sf/#pmb11646
11670,https://biblio.ub.uni-freiburg.de/sf/#pmb11670
11676,https://biblio.ub.uni-freiburg.de/sf/#pmb11676
11679,https://biblio.ub.uni-freiburg.de/sf/#pmb11679
11701,https://biblio.ub.uni-freiburg.de/sf/#pmb11701
11740,https://biblio.ub.uni-freiburg.de/sf/#pmb11740
11749,https://biblio.ub.uni-freiburg.de/sf/#pmb11749
11771,https://biblio.ub.uni-freiburg.de/sf/#pmb11771
11784,https://biblio.ub.uni-freiburg.de/sf/#pmb11784
11798,https://biblio.ub.uni-freiburg.de/sf/#pmb11798
11813,https://biblio.ub.uni-freiburg.de/sf/#pmb11813
11820,https://biblio.ub.uni-freiburg.de/sf/#pmb11820
11842,https://biblio.ub.uni-freiburg.de/sf/#pmb11842
11845,https://biblio.ub.uni-freiburg.de/sf/#pmb11845
11851,https://biblio.ub.uni-freiburg.de/sf/#pmb11851
11867,https://biblio.ub.uni-freiburg.de/sf/#pmb11867
11877,https://biblio.ub.uni-freiburg.de/sf/#pmb11877
11891,https://biblio.ub.uni-freiburg.de/sf/#pmb11891
11895,https://biblio.ub.uni-freiburg.de/sf/#pmb11895
11900,https://biblio.ub.uni-freiburg.de/sf/#pmb11900
11904,https://biblio.ub.uni-freiburg.de/sf/#pmb11904
11910,https://biblio.ub.uni-freiburg.de/sf/#pmb11910
11924,https://biblio.ub.uni-freiburg.de/sf/#pmb11924
11941,https://biblio.ub.uni-freiburg.de/sf/#pmb11941
11975,https://biblio.ub.uni-freiburg.de/sf/#pmb11975
11981,https://biblio.ub.uni-freiburg.de/sf/#pmb11981
11995,https://biblio.ub.uni-freiburg.de/sf/#pmb11995
12047,https://biblio.ub.uni-freiburg.de/sf/#pmb12047
12068,https://biblio.ub.uni-freiburg.de/sf/#pmb12068
12078,https://biblio.ub.uni-freiburg.de/sf/#pmb12078
12081,https://biblio.ub.uni-freiburg.de/sf/#pmb12081
12085,https://biblio.ub.uni-freiburg.de/sf/#pmb12085
12163,https://biblio.ub.uni-freiburg.de/sf/#pmb12163
12170,https://biblio.ub.uni-freiburg.de/sf/#pmb12170
12176,https://biblio.ub.uni-freiburg.de/sf/#pmb12176
12225,https://biblio.ub.uni-freiburg.de/sf/#pmb12225
12248,https://biblio.ub.uni-freiburg.de/sf/#pmb12248
12274,https://biblio.ub.uni-freiburg.de/sf/#pmb12274
12319,https://biblio.ub.uni-freiburg.de/sf/#pmb12319
12341,https://biblio.ub.uni-freiburg.de/sf/#pmb12341
12368,https://biblio.ub.uni-freiburg.de/sf/#pmb12368
12374,https://biblio.ub.uni-freiburg.de/sf/#pmb12374
12408,https://biblio.ub.uni-freiburg.de/sf/#pmb12408
12414,https://biblio.ub.uni-freiburg.de/sf/#pmb12414
12421,https://biblio.ub.uni-freiburg.de/sf/#pmb12421
12428,https://biblio.ub.uni-freiburg.de/sf/#pmb12428
12435,https://biblio.ub.uni-freiburg.de/sf/#pmb12435
12438,https://biblio.ub.uni-freiburg.de/sf/#pmb12438
12441,https://biblio.ub.uni-freiburg.de/sf/#pmb12441
12447,https://biblio.ub.uni-freiburg.de/sf/#pmb12447
12454,https://biblio.ub.uni-freiburg.de/sf/#pmb12454
12468,https://biblio.ub.uni-freiburg.de/sf/#pmb12468
12495,https://biblio.ub.uni-freiburg.de/sf/#pmb12495
12504,https://biblio.ub.uni-freiburg.de/sf/#pmb12504
12514,https://biblio.ub.uni-freiburg.de/sf/#pmb12514
12537,https://biblio.ub.uni-freiburg.de/sf/#pmb12537
12543,https://biblio.ub.uni-freiburg.de/sf/#pmb12543
12551,https://biblio.ub.uni-freiburg.de/sf/#pmb12551
12556,https://biblio.ub.uni-freiburg.de/sf/#pmb12556
12589,https://biblio.ub.uni-freiburg.de/sf/#pmb12589
12602,https://biblio.ub.uni-freiburg.de/sf/#pmb12602
12654,https://biblio.ub.uni-freiburg.de/sf/#pmb12654
12671,https://biblio.ub.uni-freiburg.de/sf/#pmb12671
12681,https://biblio.ub.uni-freiburg.de/sf/#pmb12681
12689,https://biblio.ub.uni-freiburg.de/sf/#pmb12689
12692,https://biblio.ub.uni-freiburg.de/sf/#pmb12692
12698,https://biblio.ub.uni-freiburg.de/sf/#pmb12698
12701,https://biblio.ub.uni-freiburg.de/sf/#pmb12701
12749,https://biblio.ub.uni-freiburg.de/sf/#pmb12749
12772,https://biblio.ub.uni-freiburg.de/sf/#pmb12772
12785,https://biblio.ub.uni-freiburg.de/sf/#pmb12785
12790,https://biblio.ub.uni-freiburg.de/sf/#pmb12790
12813,https://biblio.ub.uni-freiburg.de/sf/#pmb12813
12837,https://biblio.ub.uni-freiburg.de/sf/#pmb12837
12848,https://biblio.ub.uni-freiburg.de/sf/#pmb12848
12858,https://biblio.ub.uni-freiburg.de/sf/#pmb12858
12861,https://biblio.ub.uni-freiburg.de/sf/#pmb12861
12864,https://biblio.ub.uni-freiburg.de/sf/#pmb12864
12870,https://biblio.ub.uni-freiburg.de/sf/#pmb12870
12877,https://biblio.ub.uni-freiburg.de/sf/#pmb12877
12899,https://biblio.ub.uni-freiburg.de/sf/#pmb12899
12932,https://biblio.ub.uni-freiburg.de/sf/#pmb12932
12968,https://biblio.ub.uni-freiburg.de/sf/#pmb12968
12977,https://biblio.ub.uni-freiburg.de/sf/#pmb12977
13024,https://biblio.ub.uni-freiburg.de/sf/#pmb13024
13037,https://biblio.ub.uni-freiburg.de/sf/#pmb13037
13055,https://biblio.ub.uni-freiburg.de/sf/#pmb13055
13068,https://biblio.ub.uni-freiburg.de/sf/#pmb13068
13071,https://biblio.ub.uni-freiburg.de/sf/#pmb13071
13091,https://biblio.ub.uni-freiburg.de/sf/#pmb13091
13112,https://biblio.ub.uni-freiburg.de/sf/#pmb13112
13208,https://biblio.ub.uni-freiburg.de/sf/#pmb13208
13212,https://biblio.ub.uni-freiburg.de/sf/#pmb13212
13346,https://biblio.ub.uni-freiburg.de/sf/#pmb13346
13408,https://biblio.ub.uni-freiburg.de/sf/#pmb13408
13499,https://biblio.ub.uni-freiburg.de/sf/#pmb13499
13777,https://biblio.ub.uni-freiburg.de/sf/#pmb13777
13833,https://biblio.ub.uni-freiburg.de/sf/#pmb13833
13920,https://biblio.ub.uni-freiburg.de/sf/#pmb13920
14029,https://biblio.ub.uni-freiburg.de/sf/#pmb14029
14098,https://biblio.ub.uni-freiburg.de/sf/#pmb14098
14156,https://biblio.ub.uni-freiburg.de/sf/#pmb14156
14182,https://biblio.ub.uni-freiburg.de/sf/#pmb14182
14273,https://biblio.ub.uni-freiburg.de/sf/#pmb14273
14291,https://biblio.ub.uni-freiburg.de/sf/#pmb14291
14328,https://biblio.ub.uni-freiburg.de/sf/#pmb14328
14344,https://biblio.ub.uni-freiburg.de/sf/#pmb14344
14491,https://biblio.ub.uni-freiburg.de/sf/#pmb14491
14543,https://biblio.ub.uni-freiburg.de/sf/#pmb14543
14641,https://biblio.ub.uni-freiburg.de/sf/#pmb14641
14674,https://biblio.ub.uni-freiburg.de/sf/#pmb14674
14739,https://biblio.ub.uni-freiburg.de/sf/#pmb14739
14850,https://biblio.ub.uni-freiburg.de/sf/#pmb14850
15015,https://biblio.ub.uni-freiburg.de/sf/#pmb15015
15048,https://biblio.ub.uni-freiburg.de/sf/#pmb15048
15173,https://biblio.ub.uni-freiburg.de/sf/#pmb15173
15227,https://biblio.ub.uni-freiburg.de/sf/#pmb15227
15271,https://biblio.ub.uni-freiburg.de/sf/#pmb15271
15434,https://biblio.ub.uni-freiburg.de/sf/#pmb15434
15449,https://biblio.ub.uni-freiburg.de/sf/#pmb15449
15665,https://biblio.ub.uni-freiburg.de/sf/#pmb15665
15764,https://biblio.ub.uni-freiburg.de/sf/#pmb15764
16036,https://biblio.ub.uni-freiburg.de/sf/#pmb16036
16123,https://biblio.ub.uni-freiburg.de/sf/#pmb16123
16125,https://biblio.ub.uni-freiburg.de/sf/#pmb16125
16275,https://biblio.ub.uni-freiburg.de/sf/#pmb16275
16432,https://biblio.ub.uni-freiburg.de/sf/#pmb16432
16704,https://biblio.ub.uni-freiburg.de/sf/#pmb16704
16802,https://biblio.ub.uni-freiburg.de/sf/#pmb16802
16911,https://biblio.ub.uni-freiburg.de/sf/#pmb16911
17103,https://biblio.ub.uni-freiburg.de/sf/#pmb17103
17201,https://biblio.ub.uni-freiburg.de/sf/#pmb17201
17355,https://biblio.ub.uni-freiburg.de/sf/#pmb17355
17547,https://biblio.ub.uni-freiburg.de/sf/#pmb17547
17793,https://biblio.ub.uni-freiburg.de/sf/#pmb17793
17899,https://biblio.ub.uni-freiburg.de/sf/#pmb17899
18065,https://biblio.ub.uni-freiburg.de/sf/#pmb18065
18308,https://biblio.ub.uni-freiburg.de/sf/#pmb18308
18383,https://biblio.ub.uni-freiburg.de/sf/#pmb18383
18607,https://biblio.ub.uni-freiburg.de/sf/#pmb18607
18860,https://biblio.ub.uni-freiburg.de/sf/#pmb18860
18900,https://biblio.ub.uni-freiburg.de/sf/#pmb18900
19016,https://biblio.ub.uni-freiburg.de/sf/#pmb19016
19023,https://biblio.ub.uni-freiburg.de/sf/#pmb19023
19026,https://biblio.ub.uni-freiburg.de/sf/#pmb19026
19236,https://biblio.ub.uni-freiburg.de/sf/#pmb19236
19296,https://biblio.ub.uni-freiburg.de/sf/#pmb19296
19421,https://biblio.ub.uni-freiburg.de/sf/#pmb19421
19465,https://biblio.ub.uni-freiburg.de/sf/#pmb19465
19542,https://biblio.ub.uni-freiburg.de/sf/#pmb19542
19583,https://biblio.ub.uni-freiburg.de/sf/#pmb19583
19651,https://biblio.ub.uni-freiburg.de/sf/#pmb19651
19824,https://biblio.ub.uni-freiburg.de/sf/#pmb19824
19941,https://biblio.ub.uni-freiburg.de/sf/#pmb19941
19956,https://biblio.ub.uni-freiburg.de/sf/#pmb19956
20142,https://biblio.ub.uni-freiburg.de/sf/#pmb20142
20466,https://biblio.ub.uni-freiburg.de/sf/#pmb20466
20474,https://biblio.ub.uni-freiburg.de/sf/#pmb20474
20624,https://biblio.ub.uni-freiburg.de/sf/#pmb20624
20707,https://biblio.ub.uni-freiburg.de/sf/#pmb20707
20787,https://biblio.ub.uni-freiburg.de/sf/#pmb20787
21082,https://biblio.ub.uni-freiburg.de/sf/#pmb21082
21102,https://biblio.ub.uni-freiburg.de/sf/#pmb21102
21142,https://biblio.ub.uni-freiburg.de/sf/#pmb21142
21304,https://biblio.ub.uni-freiburg.de/sf/#pmb21304
21365,https://biblio.ub.uni-freiburg.de/sf/#pmb21365
21445,https://biblio.ub.uni-freiburg.de/sf/#pmb21445
21510,https://biblio.ub.uni-freiburg.de/sf/#pmb21510
21558,https://biblio.ub.uni-freiburg.de/sf/#pmb21558
21647,https://biblio.ub.uni-freiburg.de/sf/#pmb21647
21710,https://biblio.ub.uni-freiburg.de/sf/#pmb21710
21761,https://biblio.ub.uni-freiburg.de/sf/#pmb21761
21787,https://biblio.ub.uni-freiburg.de/sf/#pmb21787
21891,https://biblio.ub.uni-freiburg.de/sf/#pmb21891
22001,https://biblio.ub.uni-freiburg.de/sf/#pmb22001
22082,https://biblio.ub.uni-freiburg.de/sf/#pmb22082
22375,https://biblio.ub.uni-freiburg.de/sf/#pmb22375
22388,https://biblio.ub.uni-freiburg.de/sf/#pmb22388
22464,https://biblio.ub.uni-freiburg.de/sf/#pmb22464
22520,https://biblio.ub.uni-freiburg.de/sf/#pmb22520
22546,https://biblio.ub.uni-freiburg.de/sf/#pmb22546
22595,https://biblio.ub.uni-freiburg.de/sf/#pmb22595
22619,https://biblio.ub.uni-freiburg.de/sf/#pmb22619
22669,https://biblio.ub.uni-freiburg.de/sf/#pmb22669
22728,https://biblio.ub.uni-freiburg.de/sf/#pmb22728
22762,https://biblio.ub.uni-freiburg.de/sf/#pmb22762
22773,https://biblio.ub.uni-freiburg.de/sf/#pmb22773
22886,https://biblio.ub.uni-freiburg.de/sf/#pmb22886
23046,https://biblio.ub.uni-freiburg.de/sf/#pmb23046
23079,https://biblio.ub.uni-freiburg.de/sf/#pmb23079
23303,https://biblio.ub.uni-freiburg.de/sf/#pmb23303
23307,https://biblio.ub.uni-freiburg.de/sf/#pmb23307
23320,https://biblio.ub.uni-freiburg.de/sf/#pmb23320
23409,https://biblio.ub.uni-freiburg.de/sf/#pmb23409
23544,https://biblio.ub.uni-freiburg.de/sf/#pmb23544
23583,https://biblio.ub.uni-freiburg.de/sf/#pmb23583
23586,https://biblio.ub.uni-freiburg.de/sf/#pmb23586
23675,https://biblio.ub.uni-freiburg.de/sf/#pmb23675
23784,https://biblio.ub.uni-freiburg.de/sf/#pmb23784
23787,https://biblio.ub.uni-freiburg.de/sf/#pmb23787
23921,https://biblio.ub.uni-freiburg.de/sf/#pmb23921
24041,https://biblio.ub.uni-freiburg.de/sf/#pmb24041
24094,https://biblio.ub.uni-freiburg.de/sf/#pmb24094
24148,https://biblio.ub.uni-freiburg.de/sf/#pmb24148
24273,https://biblio.ub.uni-freiburg.de/sf/#pmb24273
24477,https://biblio.ub.uni-freiburg.de/sf/#pmb24477
24648,https://biblio.ub.uni-freiburg.de/sf/#pmb24648
24825,https://biblio.ub.uni-freiburg.de/sf/#pmb24825
24838,https://biblio.ub.uni-freiburg.de/sf/#pmb24838
24844,https://biblio.ub.uni-freiburg.de/sf/#pmb24844
24856,https://biblio.ub.uni-freiburg.de/sf/#pmb24856
24941,https://biblio.ub.uni-freiburg.de/sf/#pmb24941
25035,https://biblio.ub.uni-freiburg.de/sf/#pmb25035
25039,https://biblio.ub.uni-freiburg.de/sf/#pmb25039
25069,https://biblio.ub.uni-freiburg.de/sf/#pmb25069
25150,https://biblio.ub.uni-freiburg.de/sf/#pmb25150
25418,https://biblio.ub.uni-freiburg.de/sf/#pmb25418
25499,https://biblio.ub.uni-freiburg.de/sf/#pmb25499
25736,https://biblio.ub.uni-freiburg.de/sf/#pmb25736
25768,https://biblio.ub.uni-freiburg.de/sf/#pmb25768
25813,https://biblio.ub.uni-freiburg.de/sf/#pmb25813
25875,https://biblio.ub.uni-freiburg.de/sf/#pmb25875
25896,https://biblio.ub.uni-freiburg.de/sf/#pmb25896
25995,https://biblio.ub.uni-freiburg.de/sf/#pmb25995
26030,https://biblio.ub.uni-freiburg.de/sf/#pmb26030
26251,https://biblio.ub.uni-freiburg.de/sf/#pmb26251
26392,https://biblio.ub.uni-freiburg.de/sf/#pmb26392
26414,https://biblio.ub.uni-freiburg.de/sf/#pmb26414
26880,https://biblio.ub.uni-freiburg.de/sf/#pmb26880
26937,https://biblio.ub.uni-freiburg.de/sf/#pmb26937
27074,https://biblio.ub.uni-freiburg.de/sf/#pmb27074
27126,https://biblio.ub.uni-freiburg.de/sf/#pmb27126
27362,https://biblio.ub.uni-freiburg.de/sf/#pmb27362
27368,https://biblio.ub.uni-freiburg.de/sf/#pmb27368
27406,https://biblio.ub.uni-freiburg.de/sf/#pmb27406
27428,https://biblio.ub.uni-freiburg.de/sf/#pmb27428
27939,https://biblio.ub.uni-freiburg.de/sf/#pmb27939
28152,https://biblio.ub.uni-freiburg.de/sf/#pmb28152
28356,https://biblio.ub.uni-freiburg.de/sf/#pmb28356
28645,https://biblio.ub.uni-freiburg.de/sf/#pmb28645
28750,https://biblio.ub.uni-freiburg.de/sf/#pmb28750
28839,https://biblio.ub.uni-freiburg.de/sf/#pmb28839
28938,https://biblio.ub.uni-freiburg.de/sf/#pmb28938
29141,https://biblio.ub.uni-freiburg.de/sf/#pmb29141
29215,https://biblio.ub.uni-freiburg.de/sf/#pmb29215
29216,https://biblio.ub.uni-freiburg.de/sf/#pmb29216
29244,https://biblio.ub.uni-freiburg.de/sf/#pmb29244
29265,https://biblio.ub.uni-freiburg.de/sf/#pmb29265
29275,https://biblio.ub.uni-freiburg.de/sf/#pmb29275
29322,https://biblio.ub.uni-freiburg.de/sf/#pmb29322
29336,https://biblio.ub.uni-freiburg.de/sf/#pmb29336
29337,https://biblio.ub.uni-freiburg.de/sf/#pmb29337
29369,https://biblio.ub.uni-freiburg.de/sf/#pmb29369
29380,https://biblio.ub.uni-freiburg.de/sf/#pmb29380
29397,https://biblio.ub.uni-freiburg.de/sf/#pmb29397
29409,https://biblio.ub.uni-freiburg.de/sf/#pmb29409
29436,https://biblio.ub.uni-freiburg.de/sf/#pmb29436
29441,https://biblio.ub.uni-freiburg.de/sf/#pmb29441
29521,https://biblio.ub.uni-freiburg.de/sf/#pmb29521
29553,https://biblio.ub.uni-freiburg.de/sf/#pmb29553
29557,https://biblio.ub.uni-freiburg.de/sf/#pmb29557
29569,https://biblio.ub.uni-freiburg.de/sf/#pmb29569
29584,https://biblio.ub.uni-freiburg.de/sf/#pmb29584
29586,https://biblio.ub.uni-freiburg.de/sf/#pmb29586
29636,https://biblio.ub.uni-freiburg.de/sf/#pmb29636
29643,https://biblio.ub.uni-freiburg.de/sf/#pmb29643
29648,https://biblio.ub.uni-freiburg.de/sf/#pmb29648
29654,https://biblio.ub.uni-freiburg.de/sf/#pmb29654
29661,https://biblio.ub.uni-freiburg.de/sf/#pmb29661
29666,https://biblio.ub.uni-freiburg.de/sf/#pmb29666
29681,https://biblio.ub.uni-freiburg.de/sf/#pmb29681
29694,https://biblio.ub.uni-freiburg.de/sf/#pmb29694
29697,https://biblio.ub.uni-freiburg.de/sf/#pmb29697
29716,https://biblio.ub.uni-freiburg.de/sf/#pmb29716
29734,https://biblio.ub.uni-freiburg.de/sf/#pmb29734
29739,https://biblio.ub.uni-freiburg.de/sf/#pmb29739
29741,https://biblio.ub.uni-freiburg.de/sf/#pmb29741
29746,https://biblio.ub.uni-freiburg.de/sf/#pmb29746
29747,https://biblio.ub.uni-freiburg.de/sf/#pmb29747
29748,https://biblio.ub.uni-freiburg.de/sf/#pmb29748
29756,https://biblio.ub.uni-freiburg.de/sf/#pmb29756
29758,https://biblio.ub.uni-freiburg.de/sf/#pmb29758
29761,https://biblio.ub.uni-freiburg.de/sf/#pmb29761
29769,https://biblio.ub.uni-freiburg.de/sf/#pmb29769
29823,https://biblio.ub.uni-freiburg.de/sf/#pmb29823
29827,https://biblio.ub.uni-freiburg.de/sf/#pmb29827
29831,https://biblio.ub.uni-freiburg.de/sf/#pmb29831
29833,https://biblio.ub.uni-freiburg.de/sf/#pmb29833
29841,https://biblio.ub.uni-freiburg.de/sf/#pmb29841
29843,https://biblio.ub.uni-freiburg.de/sf/#pmb29843
29845,https://biblio.ub.uni-freiburg.de/sf/#pmb29845
29853,https://biblio.ub.uni-freiburg.de/sf/#pmb29853
29855,https://biblio.ub.uni-freiburg.de/sf/#pmb29855
29857,https://biblio.ub.uni-freiburg.de/sf/#pmb29857
29859,https://biblio.ub.uni-freiburg.de/sf/#pmb29859
29863,https://biblio.ub.uni-freiburg.de/sf/#pmb29863
29865,https://biblio.ub.uni-freiburg.de/sf/#pmb29865
29869,https://biblio.ub.uni-freiburg.de/sf/#pmb29869
29873,https://biblio.ub.uni-freiburg.de/sf/#pmb29873
29877,https://biblio.ub.uni-freiburg.de/sf/#pmb29877
29893,https://biblio.ub.uni-freiburg.de/sf/#pmb29893
29899,https://biblio.ub.uni-freiburg.de/sf/#pmb29899
29903,https://biblio.ub.uni-freiburg.de/sf/#pmb29903
29905,https://biblio.ub.uni-freiburg.de/sf/#pmb29905
29917,https://biblio.ub.uni-freiburg.de/sf/#pmb29917
29921,https://biblio.ub.uni-freiburg.de/sf/#pmb29921
29923,https://biblio.ub.uni-freiburg.de/sf/#pmb29923
29931,https://biblio.ub.uni-freiburg.de/sf/#pmb29931
29935,https://biblio.ub.uni-freiburg.de/sf/#pmb29935
29937,https://biblio.ub.uni-freiburg.de/sf/#pmb29937
29941,https://biblio.ub.uni-freiburg.de/sf/#pmb29941
29951,https://biblio.ub.uni-freiburg.de/sf/#pmb29951
29985,https://biblio.ub.uni-freiburg.de/sf/#pmb29985
30005,https://biblio.ub.uni-freiburg.de/sf/#pmb30005
30019,https://biblio.ub.uni-freiburg.de/sf/#pmb30019
30033,https://biblio.ub.uni-freiburg.de/sf/#pmb30033
30051,https://biblio.ub.uni-freiburg.de/sf/#pmb30051
30053,https://biblio.ub.uni-freiburg.de/sf/#pmb30053
30057,https://biblio.ub.uni-freiburg.de/sf/#pmb30057
30069,https://biblio.ub.uni-freiburg.de/sf/#pmb30069
30075,https://biblio.ub.uni-freiburg.de/sf/#pmb30075
30117,https://biblio.ub.uni-freiburg.de/sf/#pmb30117
30143,https://biblio.ub.uni-freiburg.de/sf/#pmb30143
30145,https://biblio.ub.uni-freiburg.de/sf/#pmb30145
30163,https://biblio.ub.uni-freiburg.de/sf/#pmb30163
30167,https://biblio.ub.uni-freiburg.de/sf/#pmb30167
30181,https://biblio.ub.uni-freiburg.de/sf/#pmb30181
30201,https://biblio.ub.uni-freiburg.de/sf/#pmb30201
30203,https://biblio.ub.uni-freiburg.de/sf/#pmb30203
30205,https://biblio.ub.uni-freiburg.de/sf/#pmb30205
30207,https://biblio.ub.uni-freiburg.de/sf/#pmb30207
30213,https://biblio.ub.uni-freiburg.de/sf/#pmb30213
30215,https://biblio.ub.uni-freiburg.de/sf/#pmb30215
30217,https://biblio.ub.uni-freiburg.de/sf/#pmb30217
30219,https://biblio.ub.uni-freiburg.de/sf/#pmb30219
30243,https://biblio.ub.uni-freiburg.de/sf/#pmb30243
30257,https://biblio.ub.uni-freiburg.de/sf/#pmb30257
30295,https://biblio.ub.uni-freiburg.de/sf/#pmb30295
30349,https://biblio.ub.uni-freiburg.de/sf/#pmb30349
30367,https://biblio.ub.uni-freiburg.de/sf/#pmb30367
30391,https://biblio.ub.uni-freiburg.de/sf/#pmb30391
30403,https://biblio.ub.uni-freiburg.de/sf/#pmb30403
30453,https://biblio.ub.uni-freiburg.de/sf/#pmb30453
30486,https://biblio.ub.uni-freiburg.de/sf/#pmb30486
30631,https://biblio.ub.uni-freiburg.de/sf/#pmb30631
30633,https://biblio.ub.uni-freiburg.de/sf/#pmb30633
30647,https://biblio.ub.uni-freiburg.de/sf/#pmb30647
30649,https://biblio.ub.uni-freiburg.de/sf/#pmb30649
30655,https://biblio.ub.uni-freiburg.de/sf/#pmb30655
30683,https://biblio.ub.uni-freiburg.de/sf/#pmb30683
30693,https://biblio.ub.uni-freiburg.de/sf/#pmb30693
30709,https://biblio.ub.uni-freiburg.de/sf/#pmb30709
30717,https://biblio.ub.uni-freiburg.de/sf/#pmb30717
30749,https://biblio.ub.uni-freiburg.de/sf/#pmb30749
30751,https://biblio.ub.uni-freiburg.de/sf/#pmb30751
30775,https://biblio.ub.uni-freiburg.de/sf/#pmb30775
30779,https://biblio.ub.uni-freiburg.de/sf/#pmb30779
30817,https://biblio.ub.uni-freiburg.de/sf/#pmb30817
30819,https://biblio.ub.uni-freiburg.de/sf/#pmb30819
30849,https://biblio.ub.uni-freiburg.de/sf/#pmb30849
30851,https://biblio.ub.uni-freiburg.de/sf/#pmb30851
30863,https://biblio.ub.uni-freiburg.de/sf/#pmb30863
30881,https://biblio.ub.uni-freiburg.de/sf/#pmb30881
30899,https://biblio.ub.uni-freiburg.de/sf/#pmb30899
30945,https://biblio.ub.uni-freiburg.de/sf/#pmb30945
30971,https://biblio.ub.uni-freiburg.de/sf/#pmb30971
31181,https://biblio.ub.uni-freiburg.de/sf/#pmb31181
31357,https://biblio.ub.uni-freiburg.de/sf/#pmb31357
31429,https://biblio.ub.uni-freiburg.de/sf/#pmb31429
31447,https://biblio.ub.uni-freiburg.de/sf/#pmb31447
31511,https://biblio.ub.uni-freiburg.de/sf/#pmb31511
31671,https://biblio.ub.uni-freiburg.de/sf/#pmb31671
31735,https://biblio.ub.uni-freiburg.de/sf/#pmb31735
31975,https://biblio.ub.uni-freiburg.de/sf/#pmb31975
32095,https://biblio.ub.uni-freiburg.de/sf/#pmb32095
32097,https://biblio.ub.uni-freiburg.de/sf/#pmb32097
32131,https://biblio.ub.uni-freiburg.de/sf/#pmb32131
32133,https://biblio.ub.uni-freiburg.de/sf/#pmb32133
32151,https://biblio.ub.uni-freiburg.de/sf/#pmb32151
32157,https://biblio.ub.uni-freiburg.de/sf/#pmb32157
32444,https://biblio.ub.uni-freiburg.de/sf/#pmb32444
32668,https://biblio.ub.uni-freiburg.de/sf/#pmb32668
32800,https://biblio.ub.uni-freiburg.de/sf/#pmb32800
32808,https://biblio.ub.uni-freiburg.de/sf/#pmb32808
32816,https://biblio.ub.uni-freiburg.de/sf/#pmb32816
33015,https://biblio.ub.uni-freiburg.de/sf/#pmb33015
33061,https://biblio.ub.uni-freiburg.de/sf/#pmb33061
33083,https://biblio.ub.uni-freiburg.de/sf/#pmb33083
33187,https://biblio.ub.uni-freiburg.de/sf/#pmb33187
33247,https://biblio.ub.uni-freiburg.de/sf/#pmb33247
33269,https://biblio.ub.uni-freiburg.de/sf/#pmb33269
33273,https://biblio.ub.uni-freiburg.de/sf/#pmb33273
33348,https://biblio.ub.uni-freiburg.de/sf/#pmb33348
33556,https://biblio.ub.uni-freiburg.de/sf/#pmb33556
33578,https://biblio.ub.uni-freiburg.de/sf/#pmb33578
33580,https://biblio.ub.uni-freiburg.de/sf/#pmb33580
33598,https://biblio.ub.uni-freiburg.de/sf/#pmb33598
33710,https://biblio.ub.uni-freiburg.de/sf/#pmb33710
33746,https://biblio.ub.uni-freiburg.de/sf/#pmb33746
33754,https://biblio.ub.uni-freiburg.de/sf/#pmb33754
33758,https://biblio.ub.uni-freiburg.de/sf/#pmb33758
33760,https://biblio.ub.uni-freiburg.de/sf/#pmb33760
33776,https://biblio.ub.uni-freiburg.de/sf/#pmb33776
33806,https://biblio.ub.uni-freiburg.de/sf/#pmb33806
33886,https://biblio.ub.uni-freiburg.de/sf/#pmb33886
34096,https://biblio.ub.uni-freiburg.de/sf/#pmb34096
34401,https://biblio.ub.uni-freiburg.de/sf/#pmb34401
34438,https://biblio.ub.uni-freiburg.de/sf/#pmb34438
34494,https://biblio.ub.uni-freiburg.de/sf/#pmb34494
34528,https://biblio.ub.uni-freiburg.de/sf/#pmb34528
34946,https://biblio.ub.uni-freiburg.de/sf/#pmb34946
35053,https://biblio.ub.uni-freiburg.de/sf/#pmb35053
35512,https://biblio.ub.uni-freiburg.de/sf/#pmb35512
35555,https://biblio.ub.uni-freiburg.de/sf/#pmb35555
35572,https://biblio.ub.uni-freiburg.de/sf/#pmb35572
35597,https://biblio.ub.uni-freiburg.de/sf/#pmb35597
35619,https://biblio.ub.uni-freiburg.de/sf/#pmb35619
35633,https://biblio.ub.uni-freiburg.de/sf/#pmb35633
35992,https://biblio.ub.uni-freiburg.de/sf/#pmb35992
36056,https://biblio.ub.uni-freiburg.de/sf/#pmb36056
36152,https://biblio.ub.uni-freiburg.de/sf/#pmb36152
36156,https://biblio.ub.uni-freiburg.de/sf/#pmb36156
36166,https://biblio.ub.uni-freiburg.de/sf/#pmb36166
36247,https://biblio.ub.uni-freiburg.de/sf/#pmb36247
36296,https://biblio.ub.uni-freiburg.de/sf/#pmb36296
36300,https://biblio.ub.uni-freiburg.de/sf/#pmb36300
36340,https://biblio.ub.uni-freiburg.de/sf/#pmb36340
36344,https://biblio.ub.uni-freiburg.de/sf/#pmb36344
36357,https://biblio.ub.uni-freiburg.de/sf/#pmb36357
36374,https://biblio.ub.uni-freiburg.de/sf/#pmb36374
36376,https://biblio.ub.uni-freiburg.de/sf/#pmb36376
36430,https://biblio.ub.uni-freiburg.de/sf/#pmb36430
36456,https://biblio.ub.uni-freiburg.de/sf/#pmb36456
36907,https://biblio.ub.uni-freiburg.de/sf/#pmb36907
36953,https://biblio.ub.uni-freiburg.de/sf/#pmb36953
36964,https://biblio.ub.uni-freiburg.de/sf/#pmb36964
37007,https://biblio.ub.uni-freiburg.de/sf/#pmb37007
37019,https://biblio.ub.uni-freiburg.de/sf/#pmb37019
37035,https://biblio.ub.uni-freiburg.de/sf/#pmb37035
37041,https://biblio.ub.uni-freiburg.de/sf/#pmb37041
37076,https://biblio.ub.uni-freiburg.de/sf/#pmb37076
37078,https://biblio.ub.uni-freiburg.de/sf/#pmb37078
37114,https://biblio.ub.uni-freiburg.de/sf/#pmb37114
37123,https://biblio.ub.uni-freiburg.de/sf/#pmb37123
37125,https://biblio.ub.uni-freiburg.de/sf/#pmb37125
37177,https://biblio.ub.uni-freiburg.de/sf/#pmb37177
37179,https://biblio.ub.uni-freiburg.de/sf/#pmb37179
37214,https://biblio.ub.uni-freiburg.de/sf/#pmb37214
37231,https://biblio.ub.uni-freiburg.de/sf/#pmb37231
37592,https://biblio.ub.uni-freiburg.de/sf/#pmb37592
37639,https://biblio.ub.uni-freiburg.de/sf/#pmb37639
37683,https://biblio.ub.uni-freiburg.de/sf/#pmb37683
37872,https://biblio.ub.uni-freiburg.de/sf/#pmb37872
37973,https://biblio.ub.uni-freiburg.de/sf/#pmb37973
38195,https://biblio.ub.uni-freiburg.de/sf/#pmb38195
38216,https://biblio.ub.uni-freiburg.de/sf/#pmb38216
38269,https://biblio.ub.uni-freiburg.de/sf/#pmb38269
38364,https://biblio.ub.uni-freiburg.de/sf/#pmb38364
38444,https://biblio.ub.uni-freiburg.de/sf/#pmb38444
38617,https://biblio.ub.uni-freiburg.de/sf/#pmb38617
38839,https://biblio.ub.uni-freiburg.de/sf/#pmb38839
39368,https://biblio.ub.uni-freiburg.de/sf/#pmb39368
39562,https://biblio.ub.uni-freiburg.de/sf/#pmb39562
39615,https://biblio.ub.uni-freiburg.de/sf/#pmb39615
39640,https://biblio.ub.uni-freiburg.de/sf/#pmb39640
39666,https://biblio.ub.uni-freiburg.de/sf/#pmb39666
39689,https://biblio.ub.uni-freiburg.de/sf/#pmb39689
39955,https://biblio.ub.uni-freiburg.de/sf/#pmb39955
39975,https://biblio.ub.uni-freiburg.de/sf/#pmb39975
40260,https://biblio.ub.uni-freiburg.de/sf/#pmb40260
40306,https://biblio.ub.uni-freiburg.de/sf/#pmb40306
40474,https://biblio.ub.uni-freiburg.de/sf/#pmb40474
40655,https://biblio.ub.uni-freiburg.de/sf/#pmb40655
40665,https://biblio.ub.uni-freiburg.de/sf/#pmb40665
40681,https://biblio.ub.uni-freiburg.de/sf/#pmb40681
40700,https://biblio.ub.uni-freiburg.de/sf/#pmb40700
40709,https://biblio.ub.uni-freiburg.de/sf/#pmb40709
40717,https://biblio.ub.uni-freiburg.de/sf/#pmb40717
40968,https://biblio.ub.uni-freiburg.de/sf/#pmb40968
41212,https://biblio.ub.uni-freiburg.de/sf/#pmb41212
41240,https://biblio.ub.uni-freiburg.de/sf/#pmb41240
41264,https://biblio.ub.uni-freiburg.de/sf/#pmb41264
41289,https://biblio.ub.uni-freiburg.de/sf/#pmb41289
41296,https://biblio.ub.uni-freiburg.de/sf/#pmb41296
41321,https://biblio.ub.uni-freiburg.de/sf/#pmb41321
41507,https://biblio.ub.uni-freiburg.de/sf/#pmb41507
41531,https://biblio.ub.uni-freiburg.de/sf/#pmb41531
41555,https://biblio.ub.uni-freiburg.de/sf/#pmb41555
41560,https://biblio.ub.uni-freiburg.de/sf/#pmb41560
41564,https://biblio.ub.uni-freiburg.de/sf/#pmb41564
41630,https://biblio.ub.uni-freiburg.de/sf/#pmb41630
41852,https://biblio.ub.uni-freiburg.de/sf/#pmb41852
41963,https://biblio.ub.uni-freiburg.de/sf/#pmb41963
42334,https://biblio.ub.uni-freiburg.de/sf/#pmb42334
42406,https://biblio.ub.uni-freiburg.de/sf/#pmb42406
42605,https://biblio.ub.uni-freiburg.de/sf/#pmb304404
42616,https://biblio.ub.uni-freiburg.de/sf/#pmb42616
42763,https://biblio.ub.uni-freiburg.de/sf/#pmb42763
42801,https://biblio.ub.uni-freiburg.de/sf/#pmb42801
43406,https://biblio.ub.uni-freiburg.de/sf/#pmb43406
43426,https://biblio.ub.uni-freiburg.de/sf/#pmb43426
43430,https://biblio.ub.uni-freiburg.de/sf/#pmb43430
43435,https://biblio.ub.uni-freiburg.de/sf/#pmb43435
43450,https://biblio.ub.uni-freiburg.de/sf/#pmb43450
43466,https://biblio.ub.uni-freiburg.de/sf/#pmb43466
43471,https://biblio.ub.uni-freiburg.de/sf/#pmb43471
43520,https://biblio.ub.uni-freiburg.de/sf/#pmb43520
43570,https://biblio.ub.uni-freiburg.de/sf/#pmb43570
43666,https://biblio.ub.uni-freiburg.de/sf/#pmb43666
43754,https://biblio.ub.uni-freiburg.de/sf/#pmb43754
43802,https://biblio.ub.uni-freiburg.de/sf/#pmb43802
43804,https://biblio.ub.uni-freiburg.de/sf/#pmb43804
43962,https://biblio.ub.uni-freiburg.de/sf/#pmb43962
44003,https://biblio.ub.uni-freiburg.de/sf/#pmb44003
44005,https://biblio.ub.uni-freiburg.de/sf/#pmb44005
44016,https://biblio.ub.uni-freiburg.de/sf/#pmb44016
44053,https://biblio.ub.uni-freiburg.de/sf/#pmb44053
44112,https://biblio.ub.uni-freiburg.de/sf/#pmb44112
44119,https://biblio.ub.uni-freiburg.de/sf/#pmb44119
44165,https://biblio.ub.uni-freiburg.de/sf/#pmb44165
44172,https://biblio.ub.uni-freiburg.de/sf/#pmb44172
44176,https://biblio.ub.uni-freiburg.de/sf/#pmb44176
44244,https://biblio.ub.uni-freiburg.de/sf/#pmb44244
44303,https://biblio.ub.uni-freiburg.de/sf/#pmb44303
44313,https://biblio.ub.uni-freiburg.de/sf/#pmb44313
44335,https://biblio.ub.uni-freiburg.de/sf/#pmb44335
44374,https://biblio.ub.uni-freiburg.de/sf/#pmb44374
44599,https://biblio.ub.uni-freiburg.de/sf/#pmb44599
45258,https://biblio.ub.uni-freiburg.de/sf/#pmb45258
45260,https://biblio.ub.uni-freiburg.de/sf/#pmb45260
45270,https://biblio.ub.uni-freiburg.de/sf/#pmb45270
45417,https://biblio.ub.uni-freiburg.de/sf/#pmb45417
45430,https://biblio.ub.uni-freiburg.de/sf/#pmb45430
45508,https://biblio.ub.uni-freiburg.de/sf/#pmb45508
45530,https://biblio.ub.uni-freiburg.de/sf/#pmb45530
45709,https://biblio.ub.uni-freiburg.de/sf/#pmb45709
45735,https://biblio.ub.uni-freiburg.de/sf/#pmb45735
45739,https://biblio.ub.uni-freiburg.de/sf/#pmb45739
45763,https://biblio.ub.uni-freiburg.de/sf/#pmb45763
46140,https://biblio.ub.uni-freiburg.de/sf/#pmb46140
46224,https://biblio.ub.uni-freiburg.de/sf/#pmb46224
46376,https://biblio.ub.uni-freiburg.de/sf/#pmb46376
46637,https://biblio.ub.uni-freiburg.de/sf/#pmb46637
46644,https://biblio.ub.uni-freiburg.de/sf/#pmb46644
47053,https://biblio.ub.uni-freiburg.de/sf/#pmb47053
47085,https://biblio.ub.uni-freiburg.de/sf/#pmb47085
47628,https://biblio.ub.uni-freiburg.de/sf/#pmb47628
47927,https://biblio.ub.uni-freiburg.de/sf/#pmb47927
47966,https://biblio.ub.uni-freiburg.de/sf/#pmb47966
47979,https://biblio.ub.uni-freiburg.de/sf/#pmb47979
48092,https://biblio.ub.uni-freiburg.de/sf/#pmb48092
48098,https://biblio.ub.uni-freiburg.de/sf/#pmb48098
48177,https://biblio.ub.uni-freiburg.de/sf/#pmb48177
48425,https://biblio.ub.uni-freiburg.de/sf/#pmb48425
48752,https://biblio.ub.uni-freiburg.de/sf/#pmb48752
48880,https://biblio.ub.uni-freiburg.de/sf/#pmb48880
48928,https://biblio.ub.uni-freiburg.de/sf/#pmb48928
49008,https://biblio.ub.uni-freiburg.de/sf/#pmb49008
49108,https://biblio.ub.uni-freiburg.de/sf/#pmb49108
49115,https://biblio.ub.uni-freiburg.de/sf/#pmb49115
49137,https://biblio.ub.uni-freiburg.de/sf/#pmb49137
49165,https://biblio.ub.uni-freiburg.de/sf/#pmb49165
49582,https://biblio.ub.uni-freiburg.de/sf/#pmb49582
49803,https://biblio.ub.uni-freiburg.de/sf/#pmb49803
49847,https://biblio.ub.uni-freiburg.de/sf/#pmb49847
50245,https://biblio.ub.uni-freiburg.de/sf/#pmb50245
50822,https://biblio.ub.uni-freiburg.de/sf/#pmb50822
51864,https://biblio.ub.uni-freiburg.de/sf/#pmb51864
52051,https://biblio.ub.uni-freiburg.de/sf/#pmb52051
52390,https://biblio.ub.uni-freiburg.de/sf/#pmb52390
52605,https://biblio.ub.uni-freiburg.de/sf/#pmb52605
53068,https://biblio.ub.uni-freiburg.de/sf/#pmb53068
53069,https://biblio.ub.uni-freiburg.de/sf/#pmb53069
53150,https://biblio.ub.uni-freiburg.de/sf/#pmb53150
54025,https://biblio.ub.uni-freiburg.de/sf/#pmb48908
54042,https://biblio.ub.uni-freiburg.de/sf/#pmb54042
54787,https://biblio.ub.uni-freiburg.de/sf/#pmb54787
54841,https://biblio.ub.uni-freiburg.de/sf/#pmb54841
54951,https://biblio.ub.uni-freiburg.de/sf/#pmb54951
54988,https://biblio.ub.uni-freiburg.de/sf/#pmb54988
55347,https://biblio.ub.uni-freiburg.de/sf/#pmb55347
55380,https://biblio.ub.uni-freiburg.de/sf/#pmb55380
55522,https://biblio.ub.uni-freiburg.de/sf/#pmb55522
56015,https://biblio.ub.uni-freiburg.de/sf/#pmb56015
56080,https://biblio.ub.uni-freiburg.de/sf/#pmb56080
56126,https://biblio.ub.uni-freiburg.de/sf/#pmb56126
56145,https://biblio.ub.uni-freiburg.de/sf/#pmb56145
56264,https://biblio.ub.uni-freiburg.de/sf/#pmb56264
56518,https://biblio.ub.uni-freiburg.de/sf/#pmb56518
56576,https://biblio.ub.uni-freiburg.de/sf/#pmb56576
56596,https://biblio.ub.uni-freiburg.de/sf/#pmb56596
56911,https://biblio.ub.uni-freiburg.de/sf/#pmb56911
57002,https://biblio.ub.uni-freiburg.de/sf/#pmb57002
57051,https://biblio.ub.uni-freiburg.de/sf/#pmb57051
57124,https://biblio.ub.uni-freiburg.de/sf/#pmb57124
57126,https://biblio.ub.uni-freiburg.de/sf/#pmb57126
57207,https://biblio.ub.uni-freiburg.de/sf/#pmb57207
57235,https://biblio.ub.uni-freiburg.de/sf/#pmb57235
57240,https://biblio.ub.uni-freiburg.de/sf/#pmb57240
57262,https://biblio.ub.uni-freiburg.de/sf/#pmb57262
57303,https://biblio.ub.uni-freiburg.de/sf/#pmb57303
57331,https://biblio.ub.uni-freiburg.de/sf/#pmb57331
57345,https://biblio.ub.uni-freiburg.de/sf/#pmb57345
57730,https://biblio.ub.uni-freiburg.de/sf/#pmb57730
57809,https://biblio.ub.uni-freiburg.de/sf/#pmb57809
57976,https://biblio.ub.uni-freiburg.de/sf/#pmb57976
58067,https://biblio.ub.uni-freiburg.de/sf/#pmb58067
58096,https://biblio.ub.uni-freiburg.de/sf/#pmb58096
58129,https://biblio.ub.uni-freiburg.de/sf/#pmb58129
58235,https://biblio.ub.uni-freiburg.de/sf/#pmb58235
58400,https://biblio.ub.uni-freiburg.de/sf/#pmb58400
58481,https://biblio.ub.uni-freiburg.de/sf/#pmb58481
58490,https://biblio.ub.uni-freiburg.de/sf/#pmb58490
58493,https://biblio.ub.uni-freiburg.de/sf/#pmb58493
58500,https://biblio.ub.uni-freiburg.de/sf/#pmb58500
58556,https://biblio.ub.uni-freiburg.de/sf/#pmb58556
58596,https://biblio.ub.uni-freiburg.de/sf/#pmb58596
58660,https://biblio.ub.uni-freiburg.de/sf/#pmb58660
58684,https://biblio.ub.uni-freiburg.de/sf/#pmb58684
58810,https://biblio.ub.uni-freiburg.de/sf/#pmb58810
59074,https://biblio.ub.uni-freiburg.de/sf/#pmb59074
59747,https://biblio.ub.uni-freiburg.de/sf/#pmb59747
60636,https://biblio.ub.uni-freiburg.de/sf/#pmb60636
60688,https://biblio.ub.uni-freiburg.de/sf/#pmb60688
60890,https://biblio.ub.uni-freiburg.de/sf/#pmb60890
61125,https://biblio.ub.uni-freiburg.de/sf/#pmb61125
61404,https://biblio.ub.uni-freiburg.de/sf/#pmb61404
61629,https://biblio.ub.uni-freiburg.de/sf/#pmb61629
61673,https://biblio.ub.uni-freiburg.de/sf/#pmb61673
61746,https://biblio.ub.uni-freiburg.de/sf/#pmb61746
61824,https://biblio.ub.uni-freiburg.de/sf/#pmb61824
61831,https://biblio.ub.uni-freiburg.de/sf/#pmb61831
62033,https://biblio.ub.uni-freiburg.de/sf/#pmb62033
62240,https://biblio.ub.uni-freiburg.de/sf/#pmb62240
62373,https://biblio.ub.uni-freiburg.de/sf/#pmb62373
62479,https://biblio.ub.uni-freiburg.de/sf/#pmb62479
62965,https://biblio.ub.uni-freiburg.de/sf/#pmb62965
63199,https://biblio.ub.uni-freiburg.de/sf/#pmb63199
63201,https://biblio.ub.uni-freiburg.de/sf/#pmb63201
64465,https://biblio.ub.uni-freiburg.de/sf/#pmb64465
64659,https://biblio.ub.uni-freiburg.de/sf/#pmb64659
64831,https://biblio.ub.uni-freiburg.de/sf/#pmb64831
64874,https://biblio.ub.uni-freiburg.de/sf/#pmb64874
65061,https://biblio.ub.uni-freiburg.de/sf/#pmb65061
65406,https://biblio.ub.uni-freiburg.de/sf/#pmb65406
65910,https://biblio.ub.uni-freiburg.de/sf/#pmb65910
76460,https://biblio.ub.uni-freiburg.de/sf/#pmb76460
76507,https://biblio.ub.uni-freiburg.de/sf/#pmb76507
76556,https://biblio.ub.uni-freiburg.de/sf/#pmb76556
76884,https://biblio.ub.uni-freiburg.de/sf/#pmb76884
76916,https://biblio.ub.uni-freiburg.de/sf/#pmb76916
76920,https://biblio.ub.uni-freiburg.de/sf/#pmb76920
76921,https://biblio.ub.uni-freiburg.de/sf/#pmb76921
76923,https://biblio.ub.uni-freiburg.de/sf/#pmb76923
76938,https://biblio.ub.uni-freiburg.de/sf/#pmb76938
76940,https://biblio.ub.uni-freiburg.de/sf/#pmb76940
76945,https://biblio.ub.uni-freiburg.de/sf/#pmb76945
77072,https://biblio.ub.uni-freiburg.de/sf/#pmb77072
77100,https://biblio.ub.uni-freiburg.de/sf/#pmb77100
77248,https://biblio.ub.uni-freiburg.de/sf/#pmb77248
77295,https://biblio.ub.uni-freiburg.de/sf/#pmb77295
77546,https://biblio.ub.uni-freiburg.de/sf/#pmb77546
77692,https://biblio.ub.uni-freiburg.de/sf/#pmb77692
77831,https://biblio.ub.uni-freiburg.de/sf/#pmb77831
77835,https://biblio.ub.uni-freiburg.de/sf/#pmb77835
78003,https://biblio.ub.uni-freiburg.de/sf/#pmb78003
78060,https://biblio.ub.uni-freiburg.de/sf/#pmb78060
78069,https://biblio.ub.uni-freiburg.de/sf/#pmb78069
78498,https://biblio.ub.uni-freiburg.de/sf/#pmb78498
78613,https://biblio.ub.uni-freiburg.de/sf/#pmb78613
78871,https://biblio.ub.uni-freiburg.de/sf/#pmb78871
78902,https://biblio.ub.uni-freiburg.de/sf/#pmb78902
79158,https://biblio.ub.uni-freiburg.de/sf/#pmb79158
79161,https://biblio.ub.uni-freiburg.de/sf/#pmb79161
79778,https://biblio.ub.uni-freiburg.de/sf/#pmb79778
80603,https://biblio.ub.uni-freiburg.de/sf/#pmb80603
80804,https://biblio.ub.uni-freiburg.de/sf/#pmb80804
81159,https://biblio.ub.uni-freiburg.de/sf/#pmb81159
81305,https://biblio.ub.uni-freiburg.de/sf/#pmb81305
81487,https://biblio.ub.uni-freiburg.de/sf/#pmb81487
88457,https://biblio.ub.uni-freiburg.de/sf/#pmb88457
88756,https://biblio.ub.uni-freiburg.de/sf/#pmb88756
89455,https://biblio.ub.uni-freiburg.de/sf/#pmb89455
89673,https://biblio.ub.uni-freiburg.de/sf/#pmb89673
89676,https://biblio.ub.uni-freiburg.de/sf/#pmb89676
89711,https://biblio.ub.uni-freiburg.de/sf/#pmb89711
89714,https://biblio.ub.uni-freiburg.de/sf/#pmb89714
89716,https://biblio.ub.uni-freiburg.de/sf/#pmb89716
89721,https://biblio.ub.uni-freiburg.de/sf/#pmb89721
89732,https://biblio.ub.uni-freiburg.de/sf/#pmb89732
89761,https://biblio.ub.uni-freiburg.de/sf/#pmb89761
89774,https://biblio.ub.uni-freiburg.de/sf/#pmb89774
89779,https://biblio.ub.uni-freiburg.de/sf/#pmb89779
90460,https://biblio.ub.uni-freiburg.de/sf/#pmb90460
90861,https://biblio.ub.uni-freiburg.de/sf/#pmb90861
90895,https://biblio.ub.uni-freiburg.de/sf/#pmb90895
90966,https://biblio.ub.uni-freiburg.de/sf/#pmb90966
91492,https://biblio.ub.uni-freiburg.de/sf/#pmb91492
91564,https://biblio.ub.uni-freiburg.de/sf/#pmb91564
92648,https://biblio.ub.uni-freiburg.de/sf/#pmb92648
92768,https://biblio.ub.uni-freiburg.de/sf/#pmb92768
92876,https://biblio.ub.uni-freiburg.de/sf/#pmb92876
92995,https://biblio.ub.uni-freiburg.de/sf/#pmb92995
94616,https://biblio.ub.uni-freiburg.de/sf/#pmb94616
94859,https://biblio.ub.uni-freiburg.de/sf/#pmb94859
98296,https://biblio.ub.uni-freiburg.de/sf/#pmb98296
104353,https://biblio.ub.uni-freiburg.de/sf/#pmb104353
104398,https://biblio.ub.uni-freiburg.de/sf/#pmb104398
104772,https://biblio.ub.uni-freiburg.de/sf/#pmb104772
106388,https://biblio.ub.uni-freiburg.de/sf/#pmb106388
112447,https://biblio.ub.uni-freiburg.de/sf/#pmb112447
112987,https://biblio.ub.uni-freiburg.de/sf/#pmb112987
113376,https://biblio.ub.uni-freiburg.de/sf/#pmb113376
113427,https://biblio.ub.uni-freiburg.de/sf/#pmb113427
113620,https://biblio.ub.uni-freiburg.de/sf/#pmb113620
114474,https://biblio.ub.uni-freiburg.de/sf/#pmb114474
114855,https://biblio.ub.uni-freiburg.de/sf/#pmb114855
116076,https://biblio.ub.uni-freiburg.de/sf/#pmb116076
116301,https://biblio.ub.uni-freiburg.de/sf/#pmb116301
116483,https://biblio.ub.uni-freiburg.de/sf/#pmb116483
117167,https://biblio.ub.uni-freiburg.de/sf/#pmb117167
117260,https://biblio.ub.uni-freiburg.de/sf/#pmb117260
117673,https://biblio.ub.uni-freiburg.de/sf/#pmb117673
117961,https://biblio.ub.uni-freiburg.de/sf/#pmb117961
118073,https://biblio.ub.uni-freiburg.de/sf/#pmb118073
118088,https://biblio.ub.uni-freiburg.de/sf/#pmb118088
118343,https://biblio.ub.uni-freiburg.de/sf/#pmb118343
118599,https://biblio.ub.uni-freiburg.de/sf/#pmb118599
119491,https://biblio.ub.uni-freiburg.de/sf/#pmb119491
119513,https://biblio.ub.uni-freiburg.de/sf/#pmb119513
119724,https://biblio.ub.uni-freiburg.de/sf/#pmb119724
120173,https://biblio.ub.uni-freiburg.de/sf/#pmb120173
120662,https://biblio.ub.uni-freiburg.de/sf/#pmb120662
120979,https://biblio.ub.uni-freiburg.de/sf/#pmb120979
120980,https://biblio.ub.uni-freiburg.de/sf/#pmb120980
120981,https://biblio.ub.uni-freiburg.de/sf/#pmb120981
121176,https://biblio.ub.uni-freiburg.de/sf/#pmb121176
121203,https://biblio.ub.uni-freiburg.de/sf/#pmb121203
121245,https://biblio.ub.uni-freiburg.de/sf/#pmb121245
121451,https://biblio.ub.uni-freiburg.de/sf/#pmb121451
121539,https://biblio.ub.uni-freiburg.de/sf/#pmb121539
121588,https://biblio.ub.uni-freiburg.de/sf/#pmb121588
121644,https://biblio.ub.uni-freiburg.de/sf/#pmb121644
121701,https://biblio.ub.uni-freiburg.de/sf/#pmb121701
121935,https://biblio.ub.uni-freiburg.de/sf/#pmb121935
122103,https://biblio.ub.uni-freiburg.de/sf/#pmb122103
122178,https://biblio.ub.uni-freiburg.de/sf/#pmb122178
122221,https://biblio.ub.uni-freiburg.de/sf/#pmb122221
122317,https://biblio.ub.uni-freiburg.de/sf/#pmb122317
142471,https://biblio.ub.uni-freiburg.de/sf/#pmb142471
142545,https://biblio.ub.uni-freiburg.de/sf/#pmb142545
143578,https://biblio.ub.uni-freiburg.de/sf/#pmb143578
144228,https://biblio.ub.uni-freiburg.de/sf/#pmb144228
146179,https://biblio.ub.uni-freiburg.de/sf/#pmb146179
146243,https://biblio.ub.uni-freiburg.de/sf/#pmb146243
147380,https://biblio.ub.uni-freiburg.de/sf/#pmb147380
147888,https://biblio.ub.uni-freiburg.de/sf/#pmb147888
148292,https://biblio.ub.uni-freiburg.de/sf/#pmb148292
148317,https://biblio.ub.uni-freiburg.de/sf/#pmb148317
148913,https://biblio.ub.uni-freiburg.de/sf/#pmb148913
148989,https://biblio.ub.uni-freiburg.de/sf/#pmb148989
149241,https://biblio.ub.uni-freiburg.de/sf/#pmb149241
150496,https://biblio.ub.uni-freiburg.de/sf/#pmb150496
151587,https://biblio.ub.uni-freiburg.de/sf/#pmb151587
152033,https://biblio.ub.uni-freiburg.de/sf/#pmb152033
154087,https://biblio.ub.uni-freiburg.de/sf/#pmb154087
154315,https://biblio.ub.uni-freiburg.de/sf/#pmb154315
156405,https://biblio.ub.uni-freiburg.de/sf/#pmb156405
156849,https://biblio.ub.uni-freiburg.de/sf/#pmb156849
157361,https://biblio.ub.uni-freiburg.de/sf/#pmb157361
157683,https://biblio.ub.uni-freiburg.de/sf/#pmb157683
161049,https://biblio.ub.uni-freiburg.de/sf/#pmb161049
161144,https://biblio.ub.uni-freiburg.de/sf/#pmb161144
162348,https://biblio.ub.uni-freiburg.de/sf/#pmb162348
162688,https://biblio.ub.uni-freiburg.de/sf/#pmb162688
164879,https://biblio.ub.uni-freiburg.de/sf/#pmb164879
164883,https://biblio.ub.uni-freiburg.de/sf/#pmb164883
167632,https://biblio.ub.uni-freiburg.de/sf/#pmb167632
168296,https://biblio.ub.uni-freiburg.de/sf/#pmb168296
168298,https://biblio.ub.uni-freiburg.de/sf/#pmb168298
168303,https://biblio.ub.uni-freiburg.de/sf/#pmb168303
168310,https://biblio.ub.uni-freiburg.de/sf/#pmb168310
168328,https://biblio.ub.uni-freiburg.de/sf/#pmb168328
171500,https://biblio.ub.uni-freiburg.de/sf/#pmb171500
171521,https://biblio.ub.uni-freiburg.de/sf/#pmb171521
173277,https://biblio.ub.uni-freiburg.de/sf/#pmb173277
174982,https://biblio.ub.uni-freiburg.de/sf/#pmb174982
176307,https://biblio.ub.uni-freiburg.de/sf/#pmb176307
176404,https://biblio.ub.uni-freiburg.de/sf/#pmb176404
177480,https://biblio.ub.uni-freiburg.de/sf/#pmb177480
178500,https://biblio.ub.uni-freiburg.de/sf/#pmb178500
178957,https://biblio.ub.uni-freiburg.de/sf/#pmb178957
179473,https://biblio.ub.uni-freiburg.de/sf/#pmb179473
185439,https://biblio.ub.uni-freiburg.de/sf/#pmb185439
185447,https://biblio.ub.uni-freiburg.de/sf/#pmb185447
186212,https://biblio.ub.uni-freiburg.de/sf/#pmb186212
192474,https://biblio.ub.uni-freiburg.de/sf/#pmb192474
203437,https://biblio.ub.uni-freiburg.de/sf/#pmb203437
239010,https://biblio.ub.uni-freiburg.de/sf/#pmb239010
248986,https://biblio.ub.uni-freiburg.de/sf/#pmb248986
251768,https://biblio.ub.uni-freiburg.de/sf/#pmb251768
254919,https://biblio.ub.uni-freiburg.de/sf/#pmb254919
256700,https://biblio.ub.uni-freiburg.de/sf/#pmb256700
257737,https://biblio.ub.uni-freiburg.de/sf/#pmb257737
258071,https://biblio.ub.uni-freiburg.de/sf/#pmb258071
259178,https://biblio.ub.uni-freiburg.de/sf/#pmb259178
259326,https://biblio.ub.uni-freiburg.de/sf/#pmb259326
259879,https://biblio.ub.uni-freiburg.de/sf/#pmb259879
260034,https://biblio.ub.uni-freiburg.de/sf/#pmb260034
260151,https://biblio.ub.uni-freiburg.de/sf/#pmb260151
261838,https://biblio.ub.uni-freiburg.de/sf/#pmb261838
265652,https://biblio.ub.uni-freiburg.de/sf/#pmb265652
267138,https://biblio.ub.uni-freiburg.de/sf/#pmb267138
267415,https://biblio.ub.uni-freiburg.de/sf/#pmb267415
267464,https://biblio.ub.uni-freiburg.de/sf/#pmb267464
267651,https://biblio.ub.uni-freiburg.de/sf/#pmb267651
267828,https://biblio.ub.uni-freiburg.de/sf/#pmb267828
274306,https://biblio.ub.uni-freiburg.de/sf/#pmb274306
277730,https://biblio.ub.uni-freiburg.de/sf/#pmb277730
288834,https://biblio.ub.uni-freiburg.de/sf/#pmb288834
288854,https://biblio.ub.uni-freiburg.de/sf/#pmb288854
290650,https://biblio.ub.uni-freiburg.de/sf/#pmb290650
291990,https://biblio.ub.uni-freiburg.de/sf/#pmb291990
293151,https://biblio.ub.uni-freiburg.de/sf/#pmb293151
295279,https://biblio.ub.uni-freiburg.de/sf/#pmb295279
296220,https://biblio.ub.uni-freiburg.de/sf/#pmb296220
296373,https://biblio.ub.uni-freiburg.de/sf/#pmb296373
296461,https://biblio.ub.uni-freiburg.de/sf/#pmb296461
296465,https://biblio.ub.uni-freiburg.de/sf/#pmb296465
298754,https://biblio.ub.uni-freiburg.de/sf/#pmb298754
298812,https://biblio.ub.uni-freiburg.de/sf/#pmb298812
298817,https://biblio.ub.uni-freiburg.de/sf/#pmb298817
298820,https://biblio.ub.uni-freiburg.de/sf/#pmb298820
300058,https://biblio.ub.uni-freiburg.de/sf/#pmb300058
300335,https://biblio.ub.uni-freiburg.de/sf/#pmb300335
300494,https://biblio.ub.uni-freiburg.de/sf/#pmb300494
300748,https://biblio.ub.uni-freiburg.de/sf/#pmb300748
301126,https://biblio.ub.uni-freiburg.de/sf/#pmb301126
301408,https://biblio.ub.uni-freiburg.de/sf/#pmb301408
301625,https://biblio.ub.uni-freiburg.de/sf/#pmb301625
301663,https://biblio.ub.uni-freiburg.de/sf/#pmb301663
301948,https://biblio.ub.uni-freiburg.de/sf/#pmb301948
301965,https://biblio.ub.uni-freiburg.de/sf/#pmb301965
305785,https://biblio.ub.uni-freiburg.de/sf/#pmb305785
306436,https://biblio.ub.uni-freiburg.de/sf/#pmb306436
335000,https://biblio.ub.uni-freiburg.de/sf/#pmb335000
335131,https://biblio.ub.uni-freiburg.de/sf/#pmb335131
335601,https://biblio.ub.uni-freiburg.de/sf/#pmb335601
335603,https://biblio.ub.uni-freiburg.de/sf/#pmb335603
335606,https://biblio.ub.uni-freiburg.de/sf/#pmb335606
335607,https://biblio.ub.uni-freiburg.de/sf/#pmb335607
335608,https://biblio.ub.uni-freiburg.de/sf/#pmb335608
335609,https://biblio.ub.uni-freiburg.de/sf/#pmb335609
335613,https://biblio.ub.uni-freiburg.de/sf/#pmb335613
335614,https://biblio.ub.uni-freiburg.de/sf/#pmb335614
335616,https://biblio.ub.uni-freiburg.de/sf/#pmb335616
335618,https://biblio.ub.uni-freiburg.de/sf/#pmb335618
335620,https://biblio.ub.uni-freiburg.de/sf/#pmb335620
335624,https://biblio.ub.uni-freiburg.de/sf/#pmb335624
335627,https://biblio.ub.uni-freiburg.de/sf/#pmb335627
335629,https://biblio.ub.uni-freiburg.de/sf/#pmb335629
335630,https://biblio.ub.uni-freiburg.de/sf/#pmb335630
335635,https://biblio.ub.uni-freiburg.de/sf/#pmb335635
335639,https://biblio.ub.uni-freiburg.de/sf/#pmb335639
335643,https://biblio.ub.uni-freiburg.de/sf/#pmb335643
335647,https://biblio.ub.uni-freiburg.de/sf/#pmb335647
335680,https://biblio.ub.uni-freiburg.de/sf/#pmb335680
335683,https://biblio.ub.uni-freiburg.de/sf/#pmb335683
335696,https://biblio.ub.uni-freiburg.de/sf/#pmb335696
335701,https://biblio.ub.uni-freiburg.de/sf/#pmb335701
335703,https://biblio.ub.uni-freiburg.de/sf/#pmb335703
335706,https://biblio.ub.uni-freiburg.de/sf/#pmb335706
335709,https://biblio.ub.uni-freiburg.de/sf/#pmb335709
335712,https://biblio.ub.uni-freiburg.de/sf/#pmb335712
335714,https://biblio.ub.uni-freiburg.de/sf/#pmb335714
335716,https://biblio.ub.uni-freiburg.de/sf/#pmb335716
335719,https://biblio.ub.uni-freiburg.de/sf/#pmb335719
335720,https://biblio.ub.uni-freiburg.de/sf/#pmb335720
335725,https://biblio.ub.uni-freiburg.de/sf/#pmb335725
335730,https://biblio.ub.uni-freiburg.de/sf/#pmb335730
335732,https://biblio.ub.uni-freiburg.de/sf/#pmb335732
335734,https://biblio.ub.uni-freiburg.de/sf/#pmb335734
335738,https://biblio.ub.uni-freiburg.de/sf/#pmb335738
335741,https://biblio.ub.uni-freiburg.de/sf/#pmb335741
335745,https://biblio.ub.uni-freiburg.de/sf/#pmb335745
335748,https://biblio.ub.uni-freiburg.de/sf/#pmb335748
335749,https://biblio.ub.uni-freiburg.de/sf/#pmb335749
335750,https://biblio.ub.uni-freiburg.de/sf/#pmb335750
335752,https://biblio.ub.uni-freiburg.de/sf/#pmb335752
335754,https://biblio.ub.uni-freiburg.de/sf/#pmb335754
335756,https://biblio.ub.uni-freiburg.de/sf/#pmb335756
335759,https://biblio.ub.uni-freiburg.de/sf/#pmb335759
335760,https://biblio.ub.uni-freiburg.de/sf/#pmb335760
335768,https://biblio.ub.uni-freiburg.de/sf/#pmb335768
335771,https://biblio.ub.uni-freiburg.de/sf/#pmb335771
335776,https://biblio.ub.uni-freiburg.de/sf/#pmb335776
335778,https://biblio.ub.uni-freiburg.de/sf/#pmb335778
335780,https://biblio.ub.uni-freiburg.de/sf/#pmb335780
335785,https://biblio.ub.uni-freiburg.de/sf/#pmb335785
335787,https://biblio.ub.uni-freiburg.de/sf/#pmb335787
335789,https://biblio.ub.uni-freiburg.de/sf/#pmb335789
335791,https://biblio.ub.uni-freiburg.de/sf/#pmb335791
335792,https://biblio.ub.uni-freiburg.de/sf/#pmb335792
335795,https://biblio.ub.uni-freiburg.de/sf/#pmb335795
335799,https://biblio.ub.uni-freiburg.de/sf/#pmb335799
335801,https://biblio.ub.uni-freiburg.de/sf/#pmb335801
335804,https://biblio.ub.uni-freiburg.de/sf/#pmb335804
335805,https://biblio.ub.uni-freiburg.de/sf/#pmb335805
335808,https://biblio.ub.uni-freiburg.de/sf/#pmb335808
335810,https://biblio.ub.uni-freiburg.de/sf/#pmb335810
335812,https://biblio.ub.uni-freiburg.de/sf/#pmb335812
335813,https://biblio.ub.uni-freiburg.de/sf/#pmb335813
335819,https://biblio.ub.uni-freiburg.de/sf/#pmb335819
335820,https://biblio.ub.uni-freiburg.de/sf/#pmb335820
335823,https://biblio.ub.uni-freiburg.de/sf/#pmb335823
335825,https://biblio.ub.uni-freiburg.de/sf/#pmb335825
335826,https://biblio.ub.uni-freiburg.de/sf/#pmb335826
335827,https://biblio.ub.uni-freiburg.de/sf/#pmb335827
335828,https://biblio.ub.uni-freiburg.de/sf/#pmb335828
335831,https://biblio.ub.uni-freiburg.de/sf/#pmb335831
335835,https://biblio.ub.uni-freiburg.de/sf/#pmb335835
335836,https://biblio.ub.uni-freiburg.de/sf/#pmb335836
335837,https://biblio.ub.uni-freiburg.de/sf/#pmb335837
335841,https://biblio.ub.uni-freiburg.de/sf/#pmb335841
335844,https://biblio.ub.uni-freiburg.de/sf/#pmb335844
335848,https://biblio.ub.uni-freiburg.de/sf/#pmb335848
335851,https://biblio.ub.uni-freiburg.de/sf/#pmb335851
335852,https://biblio.ub.uni-freiburg.de/sf/#pmb335852
335855,https://biblio.ub.uni-freiburg.de/sf/#pmb335855
335858,https://biblio.ub.uni-freiburg.de/sf/#pmb335858
335861,https://biblio.ub.uni-freiburg.de/sf/#pmb335861
335862,https://biblio.ub.uni-freiburg.de/sf/#pmb335862
335867,https://biblio.ub.uni-freiburg.de/sf/#pmb335867
335868,https://biblio.ub.uni-freiburg.de/sf/#pmb335868
335871,https://biblio.ub.uni-freiburg.de/sf/#pmb335871
335875,https://biblio.ub.uni-freiburg.de/sf/#pmb335875
335878,https://biblio.ub.uni-freiburg.de/sf/#pmb335878
335879,https://biblio.ub.uni-freiburg.de/sf/#pmb335879
335882,https://biblio.ub.uni-freiburg.de/sf/#pmb335882
335883,https://biblio.ub.uni-freiburg.de/sf/#pmb335883
335884,https://biblio.ub.uni-freiburg.de/sf/#pmb335884
335887,https://biblio.ub.uni-freiburg.de/sf/#pmb335887
335891,https://biblio.ub.uni-freiburg.de/sf/#pmb335891
335896,https://biblio.ub.uni-freiburg.de/sf/#pmb335896
335897,https://biblio.ub.uni-freiburg.de/sf/#pmb335897
335898,https://biblio.ub.uni-freiburg.de/sf/#pmb335898
335901,https://biblio.ub.uni-freiburg.de/sf/#pmb335901
335904,https://biblio.ub.uni-freiburg.de/sf/#pmb335904
335907,https://biblio.ub.uni-freiburg.de/sf/#pmb335907
335908,https://biblio.ub.uni-freiburg.de/sf/#pmb335908
335912,https://biblio.ub.uni-freiburg.de/sf/#pmb335912
335916,https://biblio.ub.uni-freiburg.de/sf/#pmb335916
335919,https://biblio.ub.uni-freiburg.de/sf/#pmb335919
335920,https://biblio.ub.uni-freiburg.de/sf/#pmb335920
335921,https://biblio.ub.uni-freiburg.de/sf/#pmb335921
335922,https://biblio.ub.uni-freiburg.de/sf/#pmb335922
335923,https://biblio.ub.uni-freiburg.de/sf/#pmb335923
335926,https://biblio.ub.uni-freiburg.de/sf/#pmb335926
335927,https://biblio.ub.uni-freiburg.de/sf/#pmb335927
335928,https://biblio.ub.uni-freiburg.de/sf/#pmb335928
335932,https://biblio.ub.uni-freiburg.de/sf/#pmb335932
335936,https://biblio.ub.uni-freiburg.de/sf/#pmb335936
335937,https://biblio.ub.uni-freiburg.de/sf/#pmb335937
335938,https://biblio.ub.uni-freiburg.de/sf/#pmb335938
335939,https://biblio.ub.uni-freiburg.de/sf/#pmb335939
335942,https://biblio.ub.uni-freiburg.de/sf/#pmb335942
335943,https://biblio.ub.uni-freiburg.de/sf/#pmb335943
335944,https://biblio.ub.uni-freiburg.de/sf/#pmb335944
335945,https://biblio.ub.uni-freiburg.de/sf/#pmb335945
335948,https://biblio.ub.uni-freiburg.de/sf/#pmb335948
335949,https://biblio.ub.uni-freiburg.de/sf/#pmb335949
335952,https://biblio.ub.uni-freiburg.de/sf/#pmb335952
335953,https://biblio.ub.uni-freiburg.de/sf/#pmb335953
335957,https://biblio.ub.uni-freiburg.de/sf/#pmb335957
335959,https://biblio.ub.uni-freiburg.de/sf/#pmb335959
335962,https://biblio.ub.uni-freiburg.de/sf/#pmb335962
335968,https://biblio.ub.uni-freiburg.de/sf/#pmb335968
335971,https://biblio.ub.uni-freiburg.de/sf/#pmb335971
335974,https://biblio.ub.uni-freiburg.de/sf/#pmb335974
335977,https://biblio.ub.uni-freiburg.de/sf/#pmb335977
335978,https://biblio.ub.uni-freiburg.de/sf/#pmb335978
335979,https://biblio.ub.uni-freiburg.de/sf/#pmb335979
335980,https://biblio.ub.uni-freiburg.de/sf/#pmb335601
335981,https://biblio.ub.uni-freiburg.de/sf/#pmb335981
335985,https://biblio.ub.uni-freiburg.de/sf/#pmb335985
335988,https://biblio.ub.uni-freiburg.de/sf/#pmb335988
335990,https://biblio.ub.uni-freiburg.de/sf/#pmb335990
335993,https://biblio.ub.uni-freiburg.de/sf/#pmb335993
335996,https://biblio.ub.uni-freiburg.de/sf/#pmb335996
335999,https://biblio.ub.uni-freiburg.de/sf/#pmb335999
336004,https://biblio.ub.uni-freiburg.de/sf/#pmb336004
336005,https://biblio.ub.uni-freiburg.de/sf/#pmb336005
336009,https://biblio.ub.uni-freiburg.de/sf/#pmb336009
336010,https://biblio.ub.uni-freiburg.de/sf/#pmb336010
336012,https://biblio.ub.uni-freiburg.de/sf/#pmb336012
336013,https://biblio.ub.uni-freiburg.de/sf/#pmb336013
336014,https://biblio.ub.uni-freiburg.de/sf/#pmb336014
336015,https://biblio.ub.uni-freiburg.de/sf/#pmb336015
336016,https://biblio.ub.uni-freiburg.de/sf/#pmb336016
336017,https://biblio.ub.uni-freiburg.de/sf/#pmb336017
336018,https://biblio.ub.uni-freiburg.de/sf/#pmb336018
336019,https://biblio.ub.uni-freiburg.de/sf/#pmb336019
336020,https://biblio.ub.uni-freiburg.de/sf/#pmb336020
336021,https://biblio.ub.uni-freiburg.de/sf/#pmb336021
336024,https://biblio.ub.uni-freiburg.de/sf/#pmb336024
336027,https://biblio.ub.uni-freiburg.de/sf/#pmb336027
336028,https://biblio.ub.uni-freiburg.de/sf/#pmb336028
336030,https://biblio.ub.uni-freiburg.de/sf/#pmb336030
336033,https://biblio.ub.uni-freiburg.de/sf/#pmb336033
336034,https://biblio.ub.uni-freiburg.de/sf/#pmb336034
336037,https://biblio.ub.uni-freiburg.de/sf/#pmb336037
336038,https://biblio.ub.uni-freiburg.de/sf/#pmb336038
336041,https://biblio.ub.uni-freiburg.de/sf/#pmb336041
336042,https://biblio.ub.uni-freiburg.de/sf/#pmb336042
336045,https://biblio.ub.uni-freiburg.de/sf/#pmb336045
336046,https://biblio.ub.uni-freiburg.de/sf/#pmb336046
336049,https://biblio.ub.uni-freiburg.de/sf/#pmb336049
336051,https://biblio.ub.uni-freiburg.de/sf/#pmb336051
336056,https://biblio.ub.uni-freiburg.de/sf/#pmb336056
336058,https://biblio.ub.uni-freiburg.de/sf/#pmb336058
336060,https://biblio.ub.uni-freiburg.de/sf/#pmb336060
336062,https://biblio.ub.uni-freiburg.de/sf/#pmb336062
336063,https://biblio.ub.uni-freiburg.de/sf/#pmb336063
336066,https://biblio.ub.uni-freiburg.de/sf/#pmb336066
336068,https://biblio.ub.uni-freiburg.de/sf/#pmb336068
336070,https://biblio.ub.uni-freiburg.de/sf/#pmb336070
336071,https://biblio.ub.uni-freiburg.de/sf/#pmb336071
336074,https://biblio.ub.uni-freiburg.de/sf/#pmb336074
336075,https://biblio.ub.uni-freiburg.de/sf/#pmb336075
336077,https://biblio.ub.uni-freiburg.de/sf/#pmb336077
336080,https://biblio.ub.uni-freiburg.de/sf/#pmb336080
336082,https://biblio.ub.uni-freiburg.de/sf/#pmb336082
336084,https://biblio.ub.uni-freiburg.de/sf/#pmb336084
336086,https://biblio.ub.uni-freiburg.de/sf/#pmb336086
336090,https://biblio.ub.uni-freiburg.de/sf/#pmb336090
336095,https://biblio.ub.uni-freiburg.de/sf/#pmb336095
336097,https://biblio.ub.uni-freiburg.de/sf/#pmb336097
336098,https://biblio.ub.uni-freiburg.de/sf/#pmb336098
336100,https://biblio.ub.uni-freiburg.de/sf/#pmb336100
336102,https://biblio.ub.uni-freiburg.de/sf/#pmb336102
336105,https://biblio.ub.uni-freiburg.de/sf/#pmb336105
336106,https://biblio.ub.uni-freiburg.de/sf/#pmb336106
336109,https://biblio.ub.uni-freiburg.de/sf/#pmb336109
336110,https://biblio.ub.uni-freiburg.de/sf/#pmb336110
336113,https://biblio.ub.uni-freiburg.de/sf/#pmb336113
336115,https://biblio.ub.uni-freiburg.de/sf/#pmb336115
336116,https://biblio.ub.uni-freiburg.de/sf/#pmb336116
336118,https://biblio.ub.uni-freiburg.de/sf/#pmb336118
336120,https://biblio.ub.uni-freiburg.de/sf/#pmb336120
336122,https://biblio.ub.uni-freiburg.de/sf/#pmb336122
336126,https://biblio.ub.uni-freiburg.de/sf/#pmb336126
336128,https://biblio.ub.uni-freiburg.de/sf/#pmb336128
336130,https://biblio.ub.uni-freiburg.de/sf/#pmb336130
336132,https://biblio.ub.uni-freiburg.de/sf/#pmb336132
336133,https://biblio.ub.uni-freiburg.de/sf/#pmb336133
336137,https://biblio.ub.uni-freiburg.de/sf/#pmb336137
336139,https://biblio.ub.uni-freiburg.de/sf/#pmb336139
336142,https://biblio.ub.uni-freiburg.de/sf/#pmb336142
336143,https://biblio.ub.uni-freiburg.de/sf/#pmb336143
336146,https://biblio.ub.uni-freiburg.de/sf/#pmb336146
336153,https://biblio.ub.uni-freiburg.de/sf/#pmb336153
336155,https://biblio.ub.uni-freiburg.de/sf/#pmb336155
336157,https://biblio.ub.uni-freiburg.de/sf/#pmb336157
336159,https://biblio.ub.uni-freiburg.de/sf/#pmb336159
336161,https://biblio.ub.uni-freiburg.de/sf/#pmb336161
336163,https://biblio.ub.uni-freiburg.de/sf/#pmb336163
336165,https://biblio.ub.uni-freiburg.de/sf/#pmb336165
336166,https://biblio.ub.uni-freiburg.de/sf/#pmb336166
336168,https://biblio.ub.uni-freiburg.de/sf/#pmb336168
336170,https://biblio.ub.uni-freiburg.de/sf/#pmb336170
336172,https://biblio.ub.uni-freiburg.de/sf/#pmb336172
336174,https://biblio.ub.uni-freiburg.de/sf/#pmb336174
336177,https://biblio.ub.uni-freiburg.de/sf/#pmb336177
336180,https://biblio.ub.uni-freiburg.de/sf/#pmb336180
336182,https://biblio.ub.uni-freiburg.de/sf/#pmb336182
336184,https://biblio.ub.uni-freiburg.de/sf/#pmb336184
336186,https://biblio.ub.uni-freiburg.de/sf/#pmb336186
336188,https://biblio.ub.uni-freiburg.de/sf/#pmb336188
336189,https://biblio.ub.uni-freiburg.de/sf/#pmb336189
336190,https://biblio.ub.uni-freiburg.de/sf/#pmb336190
336191,https://biblio.ub.uni-freiburg.de/sf/#pmb336191
336193,https://biblio.ub.uni-freiburg.de/sf/#pmb336193
336195,https://biblio.ub.uni-freiburg.de/sf/#pmb336195
336196,https://biblio.ub.uni-freiburg.de/sf/#pmb336196
336197,https://biblio.ub.uni-freiburg.de/sf/#pmb336197
336199,https://biblio.ub.uni-freiburg.de/sf/#pmb336199
336202,https://biblio.ub.uni-freiburg.de/sf/#pmb336202
336204,https://biblio.ub.uni-freiburg.de/sf/#pmb336204
336206,https://biblio.ub.uni-freiburg.de/sf/#pmb336206
336209,https://biblio.ub.uni-freiburg.de/sf/#pmb336209
336210,https://biblio.ub.uni-freiburg.de/sf/#pmb336210
336213,https://biblio.ub.uni-freiburg.de/sf/#pmb336213
336214,https://biblio.ub.uni-freiburg.de/sf/#pmb336214
336216,https://biblio.ub.uni-freiburg.de/sf/#pmb336216
336219,https://biblio.ub.uni-freiburg.de/sf/#pmb336219
336221,https://biblio.ub.uni-freiburg.de/sf/#pmb336221
336222,https://biblio.ub.uni-freiburg.de/sf/#pmb336222
336224,https://biblio.ub.uni-freiburg.de/sf/#pmb336224
336225,https://biblio.ub.uni-freiburg.de/sf/#pmb336225
336226,https://biblio.ub.uni-freiburg.de/sf/#pmb336226
336228,https://biblio.ub.uni-freiburg.de/sf/#pmb336228
336230,https://biblio.ub.uni-freiburg.de/sf/#pmb336230
336232,https://biblio.ub.uni-freiburg.de/sf/#pmb336232
336234,https://biblio.ub.uni-freiburg.de/sf/#pmb336234
336236,https://biblio.ub.uni-freiburg.de/sf/#pmb336236
336237,https://biblio.ub.uni-freiburg.de/sf/#pmb336237
336239,https://biblio.ub.uni-freiburg.de/sf/#pmb336239
336241,https://biblio.ub.uni-freiburg.de/sf/#pmb336241
336243,https://biblio.ub.uni-freiburg.de/sf/#pmb336243
336244,https://biblio.ub.uni-freiburg.de/sf/#pmb336244
336246,https://biblio.ub.uni-freiburg.de/sf/#pmb336246
336248,https://biblio.ub.uni-freiburg.de/sf/#pmb336248
336249,https://biblio.ub.uni-freiburg.de/sf/#pmb336249
336250,https://biblio.ub.uni-freiburg.de/sf/#pmb336250
336252,https://biblio.ub.uni-freiburg.de/sf/#pmb336252
336253,https://biblio.ub.uni-freiburg.de/sf/#pmb336253
336256,https://biblio.ub.uni-freiburg.de/sf/#pmb336256
336260,https://biblio.ub.uni-freiburg.de/sf/#pmb336260
336261,https://biblio.ub.uni-freiburg.de/sf/#pmb336261
336263,https://biblio.ub.uni-freiburg.de/sf/#pmb336263
336265,https://biblio.ub.uni-freiburg.de/sf/#pmb336265
336275,https://biblio.ub.uni-freiburg.de/sf/#pmb336275
336276,https://biblio.ub.uni-freiburg.de/sf/#pmb336276
336277,https://biblio.ub.uni-freiburg.de/sf/#pmb336277
336278,https://biblio.ub.uni-freiburg.de/sf/#pmb336278
336279,https://biblio.ub.uni-freiburg.de/sf/#pmb336279
336280,https://biblio.ub.uni-freiburg.de/sf/#pmb336280
336281,https://biblio.ub.uni-freiburg.de/sf/#pmb336281
336282,https://biblio.ub.uni-freiburg.de/sf/#pmb336282
336283,https://biblio.ub.uni-freiburg.de/sf/#pmb336283
336284,https://biblio.ub.uni-freiburg.de/sf/#pmb336284
336285,https://biblio.ub.uni-freiburg.de/sf/#pmb336285
336286,https://biblio.ub.uni-freiburg.de/sf/#pmb336286
336287,https://biblio.ub.uni-freiburg.de/sf/#pmb336287
336288,https://biblio.ub.uni-freiburg.de/sf/#pmb336288
336289,https://biblio.ub.uni-freiburg.de/sf/#pmb336289
336290,https://biblio.ub.uni-freiburg.de/sf/#pmb336290
336291,https://biblio.ub.uni-freiburg.de/sf/#pmb336291
336292,https://biblio.ub.uni-freiburg.de/sf/#pmb336292
336293,https://biblio.ub.uni-freiburg.de/sf/#pmb336293
336294,https://biblio.ub.uni-freiburg.de/sf/#pmb336294
336295,https://biblio.ub.uni-freiburg.de/sf/#pmb336295
336296,https://biblio.ub.uni-freiburg.de/sf/#pmb336296
336297,https://biblio.ub.uni-freiburg.de/sf/#pmb336297
336299,https://biblio.ub.uni-freiburg.de/sf/#pmb336299
336300,https://biblio.ub.uni-freiburg.de/sf/#pmb336300
336301,https://biblio.ub.uni-freiburg.de/sf/#pmb336301
336302,https://biblio.ub.uni-freiburg.de/sf/#pmb336302
336303,https://biblio.ub.uni-freiburg.de/sf/#pmb336303
336304,https://biblio.ub.uni-freiburg.de/sf/#pmb336304
336305,https://biblio.ub.uni-freiburg.de/sf/#pmb336305
336306,https://biblio.ub.uni-freiburg.de/sf/#pmb336306
336307,https://biblio.ub.uni-freiburg.de/sf/#pmb336307
336308,https://biblio.ub.uni-freiburg.de/sf/#pmb336308
336309,https://biblio.ub.uni-freiburg.de/sf/#pmb336309
336310,https://biblio.ub.uni-freiburg.de/sf/#pmb336310
336311,https://biblio.ub.uni-freiburg.de/sf/#pmb336311
336313,https://biblio.ub.uni-freiburg.de/sf/#pmb336313
336314,https://biblio.ub.uni-freiburg.de/sf/#pmb336314
336315,https://biblio.ub.uni-freiburg.de/sf/#pmb336315
336316,https://biblio.ub.uni-freiburg.de/sf/#pmb336316
336317,https://biblio.ub.uni-freiburg.de/sf/#pmb336317
336318,https://biblio.ub.uni-freiburg.de/sf/#pmb336318
336319,https://biblio.ub.uni-freiburg.de/sf/#pmb336319
336320,https://biblio.ub.uni-freiburg.de/sf/#pmb336320
336321,https://biblio.ub.uni-freiburg.de/sf/#pmb336321
336322,https://biblio.ub.uni-freiburg.de/sf/#pmb336322
336323,https://biblio.ub.uni-freiburg.de/sf/#pmb336323
336324,https://biblio.ub.uni-freiburg.de/sf/#pmb336324
336325,https://biblio.ub.uni-freiburg.de/sf/#pmb336325
336326,https://biblio.ub.uni-freiburg.de/sf/#pmb336326
336327,https://biblio.ub.uni-freiburg.de/sf/#pmb336327
336328,https://biblio.ub.uni-freiburg.de/sf/#pmb336328
336329,https://biblio.ub.uni-freiburg.de/sf/#pmb336329
336330,https://biblio.ub.uni-freiburg.de/sf/#pmb336330
336331,https://biblio.ub.uni-freiburg.de/sf/#pmb336331
336332,https://biblio.ub.uni-freiburg.de/sf/#pmb336332
336334,https://biblio.ub.uni-freiburg.de/sf/#pmb336334
336335,https://biblio.ub.uni-freiburg.de/sf/#pmb336335
336336,https://biblio.ub.uni-freiburg.de/sf/#pmb336336
336337,https://biblio.ub.uni-freiburg.de/sf/#pmb336337
336338,https://biblio.ub.uni-freiburg.de/sf/#pmb336338
336339,https://biblio.ub.uni-freiburg.de/sf/#pmb336339
336340,https://biblio.ub.uni-freiburg.de/sf/#pmb336340
336341,https://biblio.ub.uni-freiburg.de/sf/#pmb336341
336342,https://biblio.ub.uni-freiburg.de/sf/#pmb336342
336343,https://biblio.ub.uni-freiburg.de/sf/#pmb336343
336344,https://biblio.ub.uni-freiburg.de/sf/#pmb336344
336345,https://biblio.ub.uni-freiburg.de/sf/#pmb336345
336346,https://biblio.ub.uni-freiburg.de/sf/#pmb336346
336347,https://biblio.ub.uni-freiburg.de/sf/#pmb336347
336348,https://biblio.ub.uni-freiburg.de/sf/#pmb336348
336349,https://biblio.ub.uni-freiburg.de/sf/#pmb336349
336350,https://biblio.ub.uni-freiburg.de/sf/#pmb336350
336351,https://biblio.ub.uni-freiburg.de/sf/#pmb336351
336352,https://biblio.ub.uni-freiburg.de/sf/#pmb336352
336353,https://biblio.ub.uni-freiburg.de/sf/#pmb336353
336358,https://biblio.ub.uni-freiburg.de/sf/#pmb336358
336359,https://biblio.ub.uni-freiburg.de/sf/#pmb336359
336360,https://biblio.ub.uni-freiburg.de/sf/#pmb336360
336361,https://biblio.ub.uni-freiburg.de/sf/#pmb336361
336364,https://biblio.ub.uni-freiburg.de/sf/#pmb336364
336365,https://biblio.ub.uni-freiburg.de/sf/#pmb336365
336366,https://biblio.ub.uni-freiburg.de/sf/#pmb336366
336367,https://biblio.ub.uni-freiburg.de/sf/#pmb336367
336368,https://biblio.ub.uni-freiburg.de/sf/#pmb336368
336370,https://biblio.ub.uni-freiburg.de/sf/#pmb336370
336371,https://biblio.ub.uni-freiburg.de/sf/#pmb336371
336372,https://biblio.ub.uni-freiburg.de/sf/#pmb336372
336373,https://biblio.ub.uni-freiburg.de/sf/#pmb336373
336374,https://biblio.ub.uni-freiburg.de/sf/#pmb336374
336375,https://biblio.ub.uni-freiburg.de/sf/#pmb336375
336377,https://biblio.ub.uni-freiburg.de/sf/#pmb336377
336378,https://biblio.ub.uni-freiburg.de/sf/#pmb336378
336379,https://biblio.ub.uni-freiburg.de/sf/#pmb336379
336380,https://biblio.ub.uni-freiburg.de/sf/#pmb336380
336382,https://biblio.ub.uni-freiburg.de/sf/#pmb336382
336383,https://biblio.ub.uni-freiburg.de/sf/#pmb336383
336384,https://biblio.ub.uni-freiburg.de/sf/#pmb336384
336386,https://biblio.ub.uni-freiburg.de/sf/#pmb336386
336387,https://biblio.ub.uni-freiburg.de/sf/#pmb336387
336389,https://biblio.ub.uni-freiburg.de/sf/#pmb336389
336391,https://biblio.ub.uni-freiburg.de/sf/#pmb336391
336392,https://biblio.ub.uni-freiburg.de/sf/#pmb336392
336393,https://biblio.ub.uni-freiburg.de/sf/#pmb336393
336394,https://biblio.ub.uni-freiburg.de/sf/#pmb336394
336395,https://biblio.ub.uni-freiburg.de/sf/#pmb336395
336396,https://biblio.ub.uni-freiburg.de/sf/#pmb336396
336398,https://biblio.ub.uni-freiburg.de/sf/#pmb336398
336399,https://biblio.ub.uni-freiburg.de/sf/#pmb336399
336400,https://biblio.ub.uni-freiburg.de/sf/#pmb336400
336402,https://biblio.ub.uni-freiburg.de/sf/#pmb336402
336403,https://biblio.ub.uni-freiburg.de/sf/#pmb336403
336405,https://biblio.ub.uni-freiburg.de/sf/#pmb336405
336406,https://biblio.ub.uni-freiburg.de/sf/#pmb336406
336408,https://biblio.ub.uni-freiburg.de/sf/#pmb336408
336409,https://biblio.ub.uni-freiburg.de/sf/#pmb336409
336410,https://biblio.ub.uni-freiburg.de/sf/#pmb336410
336411,https://biblio.ub.uni-freiburg.de/sf/#pmb336411
336412,https://biblio.ub.uni-freiburg.de/sf/#pmb336412
336413,https://biblio.ub.uni-freiburg.de/sf/#pmb336413
336414,https://biblio.ub.uni-freiburg.de/sf/#pmb336414
336415,https://biblio.ub.uni-freiburg.de/sf/#pmb336415
336416,https://biblio.ub.uni-freiburg.de/sf/#pmb336416
336417,https://biblio.ub.uni-freiburg.de/sf/#pmb336417
336419,https://biblio.ub.uni-freiburg.de/sf/#pmb336419
336421,https://biblio.ub.uni-freiburg.de/sf/#pmb336421
336422,https://biblio.ub.uni-freiburg.de/sf/#pmb336422
336424,https://biblio.ub.uni-freiburg.de/sf/#pmb336424
336427,https://biblio.ub.uni-freiburg.de/sf/#pmb336427
336428,https://biblio.ub.uni-freiburg.de/sf/#pmb336428
336429,https://biblio.ub.uni-freiburg.de/sf/#pmb336429
336431,https://biblio.ub.uni-freiburg.de/sf/#pmb336431
336432,https://biblio.ub.uni-freiburg.de/sf/#pmb336432
336433,https://biblio.ub.uni-freiburg.de/sf/#pmb336433
336436,https://biblio.ub.uni-freiburg.de/sf/#pmb336436
336437,https://biblio.ub.uni-freiburg.de/sf/#pmb336437
336439,https://biblio.ub.uni-freiburg.de/sf/#pmb336439
336441,https://biblio.ub.uni-freiburg.de/sf/#pmb336441
336442,https://biblio.ub.uni-freiburg.de/sf/#pmb336442
336444,https://biblio.ub.uni-freiburg.de/sf/#pmb336444
336445,https://biblio.ub.uni-freiburg.de/sf/#pmb336445
336446,https://biblio.ub.uni-freiburg.de/sf/#pmb336446
336447,https://biblio.ub.uni-freiburg.de/sf/#pmb336447
336448,https://biblio.ub.uni-freiburg.de/sf/#pmb336448
336450,https://biblio.ub.uni-freiburg.de/sf/#pmb336450
336451,https://biblio.ub.uni-freiburg.de/sf/#pmb336451
336453,https://biblio.ub.uni-freiburg.de/sf/#pmb336453
336454,https://biblio.ub.uni-freiburg.de/sf/#pmb336454
336455,https://biblio.ub.uni-freiburg.de/sf/#pmb336455
336456,https://biblio.ub.uni-freiburg.de/sf/#pmb336456
336457,https://biblio.ub.uni-freiburg.de/sf/#pmb336457
336458,https://biblio.ub.uni-freiburg.de/sf/#pmb336458
336459,https://biblio.ub.uni-freiburg.de/sf/#pmb336459
336461,https://biblio.ub.uni-freiburg.de/sf/#pmb336461
336462,https://biblio.ub.uni-freiburg.de/sf/#pmb336462
336463,https://biblio.ub.uni-freiburg.de/sf/#pmb336463
336464,https://biblio.ub.uni-freiburg.de/sf/#pmb336464
336465,https://biblio.ub.uni-freiburg.de/sf/#pmb336465
336467,https://biblio.ub.uni-freiburg.de/sf/#pmb336467
336468,https://biblio.ub.uni-freiburg.de/sf/#pmb336468
336470,https://biblio.ub.uni-freiburg.de/sf/#pmb336470
336473,https://biblio.ub.uni-freiburg.de/sf/#pmb336473
336475,https://biblio.ub.uni-freiburg.de/sf/#pmb336475
336476,https://biblio.ub.uni-freiburg.de/sf/#pmb336476
336477,https://biblio.ub.uni-freiburg.de/sf/#pmb336477
336478,https://biblio.ub.uni-freiburg.de/sf/#pmb336478
336479,https://biblio.ub.uni-freiburg.de/sf/#pmb336479
336480,https://biblio.ub.uni-freiburg.de/sf/#pmb336480
336481,https://biblio.ub.uni-freiburg.de/sf/#pmb336481
336482,https://biblio.ub.uni-freiburg.de/sf/#pmb336482
336483,https://biblio.ub.uni-freiburg.de/sf/#pmb336483
336485,https://biblio.ub.uni-freiburg.de/sf/#pmb336485
336487,https://biblio.ub.uni-freiburg.de/sf/#pmb336487
336489,https://biblio.ub.uni-freiburg.de/sf/#pmb336489
336491,https://biblio.ub.uni-freiburg.de/sf/#pmb336491
336493,https://biblio.ub.uni-freiburg.de/sf/#pmb336493
336497,https://biblio.ub.uni-freiburg.de/sf/#pmb336497
336499,https://biblio.ub.uni-freiburg.de/sf/#pmb336499
336501,https://biblio.ub.uni-freiburg.de/sf/#pmb336501
336503,https://biblio.ub.uni-freiburg.de/sf/#pmb336503
336505,https://biblio.ub.uni-freiburg.de/sf/#pmb336505
336507,https://biblio.ub.uni-freiburg.de/sf/#pmb336507
336510,https://biblio.ub.uni-freiburg.de/sf/#pmb336510
336512,https://biblio.ub.uni-freiburg.de/sf/#pmb336512
336514,https://biblio.ub.uni-freiburg.de/sf/#pmb336514
336516,https://biblio.ub.uni-freiburg.de/sf/#pmb336516
336517,https://biblio.ub.uni-freiburg.de/sf/#pmb336517
336519,https://biblio.ub.uni-freiburg.de/sf/#pmb336519
336521,https://biblio.ub.uni-freiburg.de/sf/#pmb336521
336523,https://biblio.ub.uni-freiburg.de/sf/#pmb336523
336525,https://biblio.ub.uni-freiburg.de/sf/#pmb336525
336527,https://biblio.ub.uni-freiburg.de/sf/#pmb336527
336529,https://biblio.ub.uni-freiburg.de/sf/#pmb336529
336532,https://biblio.ub.uni-freiburg.de/sf/#pmb336532
336534,https://biblio.ub.uni-freiburg.de/sf/#pmb336534
336536,https://biblio.ub.uni-freiburg.de/sf/#pmb336536
336538,https://biblio.ub.uni-freiburg.de/sf/#pmb336538
336542,https://biblio.ub.uni-freiburg.de/sf/#pmb336542
336544,https://biblio.ub.uni-freiburg.de/sf/#pmb336544
336546,https://biblio.ub.uni-freiburg.de/sf/#pmb336546
336548,https://biblio.ub.uni-freiburg.de/sf/#pmb336548
336550,https://biblio.ub.uni-freiburg.de/sf/#pmb336550
336552,https://biblio.ub.uni-freiburg.de/sf/#pmb336552
336554,https://biblio.ub.uni-freiburg.de/sf/#pmb336554
336555,https://biblio.ub.uni-freiburg.de/sf/#pmb336555
336557,https://biblio.ub.uni-freiburg.de/sf/#pmb336557
336559,https://biblio.ub.uni-freiburg.de/sf/#pmb336559
336561,https://biblio.ub.uni-freiburg.de/sf/#pmb336561
336563,https://biblio.ub.uni-freiburg.de/sf/#pmb336563
336565,https://biblio.ub.uni-freiburg.de/sf/#pmb336565
336567,https://biblio.ub.uni-freiburg.de/sf/#pmb336567
336569,https://biblio.ub.uni-freiburg.de/sf/#pmb336569
336571,https://biblio.ub.uni-freiburg.de/sf/#pmb336571
336573,https://biblio.ub.uni-freiburg.de/sf/#pmb336573
336575,https://biblio.ub.uni-freiburg.de/sf/#pmb336575
336579,https://biblio.ub.uni-freiburg.de/sf/#pmb336579
336582,https://biblio.ub.uni-freiburg.de/sf/#pmb336582
336584,https://biblio.ub.uni-freiburg.de/sf/#pmb336584
336587,https://biblio.ub.uni-freiburg.de/sf/#pmb336587
336589,https://biblio.ub.uni-freiburg.de/sf/#pmb336589
336591,https://biblio.ub.uni-freiburg.de/sf/#pmb336591
336600,https://biblio.ub.uni-freiburg.de/sf/#pmb336600
336602,https://biblio.ub.uni-freiburg.de/sf/#pmb336602
336605,https://biblio.ub.uni-freiburg.de/sf/#pmb336605
336607,https://biblio.ub.uni-freiburg.de/sf/#pmb336607
336609,https://biblio.ub.uni-freiburg.de/sf/#pmb336609
336610,https://biblio.ub.uni-freiburg.de/sf/#pmb336610
336613,https://biblio.ub.uni-freiburg.de/sf/#pmb336613
336615,https://biblio.ub.uni-freiburg.de/sf/#pmb336615
336617,https://biblio.ub.uni-freiburg.de/sf/#pmb336617
336619,https://biblio.ub.uni-freiburg.de/sf/#pmb336619
336635,https://biblio.ub.uni-freiburg.de/sf/#pmb336635
336661,https://biblio.ub.uni-freiburg.de/sf/#pmb336661
336668,https://biblio.ub.uni-freiburg.de/sf/#pmb336668
336670,https://biblio.ub.uni-freiburg.de/sf/#pmb336670
336675,https://biblio.ub.uni-freiburg.de/sf/#pmb336675
336677,https://biblio.ub.uni-freiburg.de/sf/#pmb336677
336679,https://biblio.ub.uni-freiburg.de/sf/#pmb336679
336681,https://biblio.ub.uni-freiburg.de/sf/#pmb336681
336690,https://biblio.ub.uni-freiburg.de/sf/#pmb336690
336691,https://biblio.ub.uni-freiburg.de/sf/#pmb336732
